MedInc,HouseAge,AveRooms,AveBedrms,Population,AveOccup,Latitude,Longitude,MedHouseVal
8.3014,21.0,6.238137,0.97188,2401.0,2.109842,37.86,-122.22,3.585
2.125,50.0,4.242424,1.07197,697.0,2.640152,37.85,-122.26,1.4
1.9274,49.0,5.068783,1.18254,863.0,2.283069,37.84,-122.28,1.223
3.48,52.0,4.757282,1.067961,689.0,2.229773,37.83,-122.26,1.914
1.2171,52.0,4.5625,1.121711,1074.0,3.532895,37.82,-122.28,0.803
6.1183,49.0,5.869565,1.26087,86.0,3.73913,37.82,-122.29,0.75
0.9241,17.0,2.817768,1.052392,762.0,1.735763,37.81,-122.28,1.775
2.4464,36.0,5.724951,1.104126,1236.0,2.428291,37.81,-122.28,1.021
2.4083,52.0,6.721739,1.243478,377.0,3.278261,37.81,-122.28,0.982
1.2434,52.0,2.929412,0.917647,396.0,4.658824,37.8,-122.27,5.00001
3.0233,26.0,3.253081,0.982744,1749.0,1.437141,37.82,-122.25,2.55
3.1484,52.0,4.578035,1.077071,939.0,1.809249,37.83,-122.25,2.241
3.4722,35.0,3.822275,1.014218,675.0,1.599526,37.83,-122.25,2.431
2.4234,28.0,3.02348,1.053582,2558.0,1.540036,37.83,-122.25,2.185
3.0897,52.0,4.040501,1.065574,1786.0,1.722276,37.83,-122.25,2.341
5.8596,50.0,6.742627,1.069705,970.0,2.600536,37.84,-122.23,3.276
6.7851,45.0,6.957746,1.023474,1067.0,2.504695,37.81,-122.2,3.235
4.072,52.0,5.952941,0.997059,756.0,2.223529,37.81,-122.22,2.701
5.3509,52.0,5.650672,1.028791,1034.0,1.984645,37.81,-122.22,3.021
8.8793,52.0,8.972868,1.131783,861.0,3.337209,37.81,-122.23,4.103
2.1944,52.0,5.074286,0.96,360.0,2.057143,37.8,-122.24,2.115
3.0149,52.0,4.276639,1.045082,1197.0,2.452869,37.8,-122.25,2.184
3.225,46.0,4.32664,1.117805,1373.0,1.838019,37.81,-122.25,2.188
2.6292,47.0,3.693141,1.061372,1213.0,2.189531,37.8,-122.24,1.827
2.1638,39.0,3.77635,1.107969,1464.0,3.763496,37.79,-122.24,1.055
3.375,52.0,4.011905,1.071429,647.0,3.85119,37.79,-122.24,1.161
1.9338,43.0,3.242009,1.077626,1506.0,3.438356,37.78,-122.23,1.125
1.6009,44.0,3.115846,1.098535,2813.0,3.745672,37.78,-122.23,1.181
2.1494,37.0,4.479924,1.097514,1608.0,3.07457,37.79,-122.22,1.325
2.875,35.0,4.520725,1.059585,1143.0,2.96114,37.79,-122.21,1.438
4.9559,43.0,6.692308,1.096703,1115.0,2.450549,37.8,-122.2,2.73
5.1184,41.0,6.088235,1.041176,804.0,2.364706,37.8,-122.2,2.396
2.6667,49.0,4.2,0.928571,737.0,3.509524,37.79,-122.2,1.22
2.4167,45.0,4.462025,1.124473,1530.0,3.227848,37.79,-122.21,1.394
2.3309,46.0,3.485876,1.059322,1183.0,3.341808,37.77,-122.21,0.987
3.5398,52.0,5.437352,1.047281,1225.0,2.895981,37.78,-122.2,1.584
2.5401,50.0,4.939153,1.066138,1128.0,2.984127,37.78,-122.2,1.291
2.898,43.0,5.020661,1.03719,1537.0,3.17562,37.77,-122.2,1.214
1.9479,50.0,4.825203,1.060976,907.0,3.686992,37.76,-122.18,0.895
1.4097,37.0,4.017991,1.103448,1925.0,2.886057,37.76,-122.2,0.846
2.1538,44.0,4.368852,1.036885,825.0,3.381148,37.73,-122.19,0.797
2.5139,43.0,4.56129,0.948387,417.0,2.690323,37.74,-122.19,0.834
3.0298,46.0,4.56,1.004444,749.0,3.328889,37.74,-122.17,1.076
1.5625,38.0,5.09751,1.294606,1516.0,3.145228,37.75,-122.16,0.917
2.4598,36.0,5.358382,1.105973,1438.0,2.770713,37.76,-122.16,1.555
3.225,44.0,5.854985,1.205438,946.0,2.858006,37.75,-122.15,1.358
2.537,24.0,4.637306,1.176166,1137.0,2.945596,37.75,-122.16,1.079
1.7375,37.0,3.312771,1.006494,2556.0,2.766234,37.88,-122.34,3.5
5.1675,52.0,6.398693,1.143791,374.0,2.444444,37.89,-122.29,2.706
7.8864,52.0,6.690972,0.96875,705.0,2.447917,37.9,-122.26,3.573
7.9556,52.0,7.56,0.992727,684.0,2.487273,37.9,-122.27,3.744
5.3989,52.0,7.272059,1.077206,723.0,2.658088,37.89,-122.27,3.356
6.7138,42.0,6.390625,1.026786,1031.0,2.301339,37.89,-122.25,3.686
4.1912,52.0,5.763285,0.966184,506.0,2.444444,37.88,-122.28,2.545
3.1065,48.0,4.978947,1.031579,1034.0,2.176842,37.88,-122.29,2.292
5.2289,41.0,5.569106,1.146341,266.0,2.162602,37.87,-122.25,3.846
0.949,52.0,2.524109,0.964361,2016.0,4.226415,37.87,-122.25,3.5
1.7464,35.0,3.218,1.108,1675.0,1.675,37.87,-122.27,2.167
3.0417,48.0,4.690632,1.126362,1656.0,3.607843,37.86,-122.25,4.896
7.8521,52.0,7.794393,1.051402,517.0,2.415888,37.86,-122.24,5.00001
1.3785,47.0,4.310345,0.962382,843.0,2.642633,37.85,-122.27,1.423
2.6997,52.0,4.062745,1.062745,1623.0,2.121569,37.83,-122.28,1.269
12.3804,52.0,9.122715,1.033943,1192.0,3.112272,37.82,-122.23,5.00001
5.8948,52.0,7.740088,1.0837,585.0,2.577093,37.83,-122.24,4.578
2.5444,30.0,4.847953,1.016374,3668.0,4.290058,37.79,-122.28,2.75
4.1667,52.0,4.768595,1.038567,872.0,2.402204,37.77,-122.27,2.258
3.4762,52.0,5.305085,1.09322,979.0,2.074153,37.76,-122.24,2.44
2.9861,33.0,4.198858,1.053283,2239.0,2.130352,37.7,-122.09,2.082
3.3478,42.0,5.795082,1.122951,629.0,2.577869,37.69,-122.08,1.849
4.1164,52.0,5.485437,1.009709,994.0,2.412621,37.73,-122.16,1.982
3.8047,45.0,4.911475,1.02623,1003.0,3.288525,37.72,-122.18,1.567
2.1898,28.0,3.86562,1.024433,830.0,1.448517,37.73,-122.15,1.417
3.8393,35.0,5.568878,0.977041,976.0,2.489796,37.72,-122.13,2.435
3.395,17.0,3.7014,1.195956,1216.0,1.891135,37.69,-122.13,2.713
4.4659,38.0,5.219269,1.053156,874.0,2.903654,37.69,-122.14,1.891
3.6625,38.0,5.612613,0.995495,637.0,2.869369,37.69,-122.15,1.846
4.4375,36.0,5.527331,0.974277,836.0,2.688103,37.7,-122.16,1.935
4.3864,35.0,5.415638,0.919753,1349.0,2.77572,37.68,-122.15,2.052
2.679,41.0,4.66,1.049333,1849.0,2.465333,37.7,-122.12,1.449
2.5833,19.0,4.309154,1.096718,1571.0,2.713299,37.7,-122.12,1.599
3.8958,6.0,4.267016,1.029668,1189.0,2.075044,37.63,-122.02,3.011
2.3357,48.0,4.064935,0.99026,673.0,2.185065,37.67,-122.09,1.75
2.8322,41.0,3.927195,0.991435,1105.0,2.366167,37.68,-122.09,1.703
3.0962,38.0,4.4475,1.0325,1061.0,2.6525,37.68,-122.1,1.809
3.8,36.0,5.702703,1.051351,952.0,2.572973,37.67,-122.11,1.875
4.2733,22.0,5.224764,1.09825,1830.0,2.462988,37.67,-122.06,1.807
6.8233,18.0,7.228916,1.009639,1155.0,2.783133,37.67,-122.04,3.326
6.3501,23.0,6.299479,0.90625,1066.0,2.776042,37.66,-122.04,3.5
2.7694,17.0,3.862972,1.107775,3069.0,2.362587,37.65,-122.08,1.619
2.1382,37.0,4.569794,0.997712,1349.0,3.086957,37.66,-122.08,1.666
4.3897,35.0,6.141304,1.043478,543.0,2.951087,37.65,-122.09,1.906
4.6635,28.0,6.417266,1.118705,735.0,2.643885,37.64,-122.1,2.067
4.3456,19.0,4.710383,0.912568,407.0,2.224044,37.66,-122.13,1.63
5.2312,31.0,4.940199,0.930233,854.0,2.837209,37.64,-122.11,1.976
3.9167,34.0,5.851406,0.971888,735.0,2.951807,37.63,-122.09,1.895
2.5158,22.0,4.006152,1.036227,5436.0,3.715653,37.64,-122.07,1.349
2.9706,36.0,4.184783,1.021739,295.0,3.206522,37.6,-122.09,1.479
5.7192,15.0,6.395349,1.067979,1777.0,3.178891,37.58,-121.96,2.835
5.0,18.0,5.669413,1.035015,2641.0,2.719876,37.56,-121.99,2.697
3.1326,17.0,3.833458,1.026886,3386.0,2.528753,37.54,-121.98,2.208
4.6641,29.0,6.011966,1.102564,1724.0,2.947009,37.54,-121.95,2.489
4.5317,26.0,6.1354,1.016313,1776.0,2.897227,37.52,-121.97,2.326
4.9118,26.0,6.391304,1.101449,1597.0,3.306418,37.55,-122.03,2.173
6.0667,19.0,6.448519,1.004231,2346.0,3.308886,37.53,-122.01,2.457
5.7072,21.0,6.284875,0.988253,2216.0,3.254038,37.53,-122.02,2.422
5.1437,4.0,4.964807,1.046481,2937.0,1.950199,37.72,-121.92,2.994
5.347,22.0,6.751092,1.042213,2302.0,3.350801,37.72,-121.92,2.195
5.0143,15.0,6.673196,1.058763,2484.0,2.560825,37.71,-121.94,2.711
3.9864,12.0,5.255858,0.98313,2595.0,2.432052,37.71,-121.73,2.002
3.0222,17.0,4.576471,1.282353,1392.0,2.047059,37.68,-121.78,1.725
2.45,17.0,8.973684,1.855263,338.0,2.223684,38.69,-119.78,1.176
3.4609,14.0,8.625304,1.708029,946.0,2.301703,38.48,-120.56,1.209
3.2589,18.0,6.372146,1.123288,1187.0,2.710046,38.32,-120.88,1.03
3.175,18.0,5.627297,1.102362,985.0,2.585302,38.4,-120.66,1.185
4.4531,16.0,5.901408,1.084507,559.0,2.624413,38.34,-120.71,1.443
3.5046,18.0,5.634812,1.054608,856.0,2.921502,39.75,-121.86,1.183
2.575,34.0,5.493266,1.016835,1290.0,2.171717,39.74,-121.83,1.303
3.0253,29.0,5.67326,1.007326,3316.0,2.429304,39.75,-121.82,1.114
3.1125,11.0,5.705696,1.071994,3264.0,2.582278,39.75,-121.8,1.226
2.2925,44.0,4.669329,1.052716,1371.0,2.190096,39.73,-121.82,0.858
1.5863,21.0,5.154082,1.07551,2948.0,3.008163,39.7,-121.81,0.813
3.5735,16.0,5.08042,1.045455,904.0,3.160839,39.79,-121.97,0.896
3.5375,38.0,5.840426,1.117021,275.0,2.925532,39.68,-121.84,1.531
2.7143,16.0,6.385301,1.244989,1203.0,2.679287,39.88,-121.75,0.953
3.5189,15.0,5.489011,1.027473,1786.0,2.453297,39.82,-121.68,1.413
2.8657,14.0,5.850575,1.030651,665.0,2.547893,39.86,-121.59,1.196
1.625,20.0,4.422619,1.017857,395.0,2.35119,39.79,-121.59,0.883
2.6823,28.0,5.427184,1.058252,770.0,2.491909,39.78,-121.63,0.934
2.5428,31.0,5.693208,1.199063,1026.0,2.40281,39.76,-121.61,0.85
1.0625,20.0,4.546512,1.011628,523.0,2.027132,39.75,-121.62,0.928
1.5714,31.0,4.639908,1.075688,1073.0,2.461009,39.5,-121.57,0.561
3.2833,33.0,6.329004,1.04329,569.0,2.463203,39.5,-121.52,0.826
2.0455,21.0,5.615385,1.055556,1364.0,2.91453,39.48,-121.52,0.594
2.3566,15.0,5.665775,1.040107,1079.0,2.885027,39.43,-121.52,0.804
3.0208,52.0,5.108108,0.918919,121.0,3.27027,39.39,-121.39,0.6
2.1776,22.0,5.443723,1.04329,1284.0,2.779221,39.39,-121.59,0.738
2.9063,27.0,6.025126,1.125628,463.0,2.326633,38.07,-120.55,0.922
2.6528,9.0,8.010753,1.586022,2233.0,2.401075,37.97,-120.67,1.33
2.9821,19.0,5.278947,1.236842,538.0,2.831579,38.24,-120.79,0.904
3.8488,7.0,6.446637,1.155157,3175.0,2.847534,38.12,-120.76,1.306
2.0417,17.0,5.260638,1.083333,1387.0,2.45922,38.19,-120.67,0.926
2.2604,17.0,6.016,1.432,661.0,2.644,38.35,-120.57,0.848
2.6942,13.0,11.490862,2.164491,924.0,2.412533,38.23,-120.37,1.235
2.331,28.0,5.146914,1.104938,2587.0,3.193827,39.13,-122.09,0.655
2.875,44.0,6.08,1.314286,494.0,2.822857,39.34,-122.05,0.615
5.1017,13.0,7.082857,1.125714,1075.0,3.071429,37.91,-121.6,2.414
2.2361,47.0,4.941476,1.094148,1074.0,2.732824,38.01,-121.81,1.051
2.8466,29.0,4.928571,1.07619,985.0,2.345238,38.0,-121.82,1.134
4.9167,23.0,6.609195,1.0,572.0,3.287356,37.99,-121.83,1.524
4.4853,23.0,7.060932,1.060932,935.0,3.351254,37.99,-121.83,1.459
5.7321,18.0,6.814953,0.998131,1651.0,3.085981,37.99,-121.79,1.647
5.3098,22.0,5.589147,0.906977,367.0,2.844961,38.0,-121.88,1.519
4.5,50.0,5.56962,1.079114,741.0,2.344937,38.01,-122.14,1.783
2.1974,51.0,4.234899,1.036913,608.0,2.040268,38.01,-122.13,1.393
3.8824,37.0,5.049275,0.982609,1128.0,3.269565,38.02,-122.09,1.137
5.2015,6.0,5.696478,1.051984,4377.0,2.446618,38.0,-122.09,2.042
6.6579,9.0,5.659529,0.940043,1105.0,2.366167,37.97,-122.08,2.452
5.0445,37.0,6.273196,1.025773,552.0,2.845361,37.96,-122.07,1.962
3.5057,36.0,5.544118,1.02521,1111.0,2.334034,37.94,-122.07,2.051
6.0265,32.0,6.406699,1.0,601.0,2.875598,37.95,-122.09,2.479
6.1922,29.0,6.746575,1.0,2634.0,2.577299,37.94,-122.09,2.732
2.3462,16.0,4.676724,0.935345,356.0,1.534483,38.0,-122.05,0.75
4.45,37.0,5.65995,1.047859,1237.0,3.115869,37.99,-122.02,1.619
5.1118,32.0,5.855491,0.976879,436.0,2.520231,37.98,-122.0,2.269
4.525,36.0,4.590909,0.875,237.0,2.693182,37.98,-122.0,1.613
6.1168,27.0,5.712838,0.976351,807.0,2.726351,37.97,-121.97,2.105
5.0092,24.0,6.487805,0.892683,656.0,3.2,37.97,-121.97,2.441
5.1333,22.0,5.955696,1.07384,1271.0,2.681435,37.97,-121.99,2.072
7.6166,16.0,7.210412,1.039046,1470.0,3.18872,37.96,-121.99,2.604
3.25,45.0,4.800595,1.005952,865.0,2.574405,37.97,-122.03,1.511
5.4482,20.0,4.577236,0.869919,246.0,2.0,37.95,-122.05,1.908
4.9485,32.0,6.167192,0.987382,804.0,2.536278,37.95,-122.03,2.023
6.0918,21.0,7.661789,1.014634,1773.0,2.882927,37.93,-122.03,3.448
7.0895,18.0,6.93913,1.054348,3486.0,2.526087,37.91,-122.09,3.069
6.2924,39.0,6.171779,1.02454,1223.0,2.501022,37.89,-122.08,2.839
5.6986,20.0,5.677051,1.084112,2310.0,2.398754,37.9,-122.04,2.758
9.5862,27.0,7.935611,1.024967,2181.0,2.865966,37.85,-122.04,4.694
8.3188,12.0,8.481046,1.016993,2404.0,3.142484,37.81,-121.96,4.034
7.8287,8.0,7.290032,1.065595,4089.0,2.629582,37.8,-121.94,3.692
7.9393,8.0,6.870504,0.932854,1376.0,3.29976,37.74,-121.98,3.993
5.1755,14.0,6.38647,1.060653,3283.0,2.552877,37.77,-121.99,2.948
10.7372,18.0,9.016113,1.081571,3011.0,3.032226,37.86,-122.0,5.00001
2.9167,24.0,4.766719,1.056765,1750.0,1.360809,37.87,-122.08,1.027
2.4896,26.0,4.52919,1.062147,680.0,1.280603,37.87,-122.08,0.734
8.0074,18.0,7.993912,1.04414,1870.0,2.846271,37.85,-122.12,4.541
11.7064,17.0,9.361702,1.12766,1722.0,12.212766,37.84,-122.08,5.00001
2.4444,20.0,6.333333,0.866667,31.0,2.066667,37.88,-122.22,4.75
7.7736,36.0,6.870968,1.032258,398.0,2.567742,37.88,-122.2,3.781
2.9591,2.0,4.482808,1.012894,1606.0,2.30086,37.99,-121.96,2.101
8.3956,18.0,8.332344,1.0,1038.0,3.080119,37.92,-122.01,3.536
5.7001,16.0,6.778195,1.003759,946.0,3.556391,38.02,-122.25,2.051
2.3103,47.0,4.52957,1.08871,835.0,2.244624,38.04,-122.27,1.345
2.694,41.0,5.233333,1.122917,1179.0,2.45625,38.04,-122.26,1.23
4.3173,32.0,5.850949,1.065041,981.0,2.658537,38.03,-122.36,1.754
4.4394,34.0,5.020528,0.929619,956.0,2.803519,38.0,-122.3,1.62
3.2759,18.0,5.340674,1.132124,1895.0,2.454663,38.01,-122.31,1.95
4.4911,20.0,5.906897,1.089655,1512.0,2.606897,37.97,-122.29,2.274
2.6167,42.0,4.061008,0.864721,1271.0,3.371353,37.99,-122.34,0.851
1.6023,35.0,6.323529,1.323529,100.0,2.941176,37.95,-122.37,0.813
0.9797,32.0,4.843284,1.354478,716.0,2.671642,37.95,-122.37,0.764
3.375,25.0,4.194175,0.978155,934.0,2.26699,37.96,-122.32,1.337
3.7708,42.0,5.148734,1.063291,848.0,2.683544,37.95,-122.33,1.446
3.5848,47.0,5.502924,1.055556,797.0,2.330409,37.94,-122.33,1.408
3.1571,43.0,4.976127,1.03183,807.0,2.140584,37.94,-122.33,1.416
3.2833,38.0,5.560166,1.236515,766.0,3.178423,37.95,-122.34,1.117
2.7714,38.0,4.201613,1.165323,773.0,3.116935,37.95,-122.36,1.047
2.7391,44.0,4.406897,1.02069,936.0,2.151724,37.94,-122.34,1.403
1.6571,34.0,4.454976,1.087678,1358.0,3.218009,37.94,-122.35,1.052
1.5139,38.0,3.727273,0.867133,729.0,2.548951,37.95,-122.36,0.817
1.822,41.0,5.608225,1.266234,1638.0,3.545455,37.94,-122.36,0.797
3.05,17.0,5.49345,1.10917,885.0,3.864629,37.93,-122.36,1.216
6.516,32.0,7.515152,1.012987,602.0,2.606061,37.92,-122.29,4.01
3.3594,22.0,5.623116,1.105528,565.0,2.839196,37.92,-122.32,1.869
3.4091,41.0,4.946988,1.048193,873.0,2.103614,37.9,-122.3,2.23
6.3538,49.0,6.293886,1.017751,1148.0,2.2643,37.9,-122.28,3.337
7.3089,48.0,7.283217,1.041958,685.0,2.395105,37.91,-122.28,3.312
1.6654,15.0,4.90625,1.115625,1645.0,2.570312,41.78,-124.19,0.746
4.6,24.0,13.104167,2.25,235.0,2.447917,38.92,-119.94,1.368
3.1625,24.0,6.572973,1.562162,421.0,2.275676,38.94,-119.99,1.036
2.3281,28.0,5.881773,1.339901,494.0,2.433498,38.93,-119.98,0.858
3.15,27.0,6.721805,1.518797,1010.0,2.531328,38.92,-119.98,0.869
2.996,22.0,7.247059,1.435294,1045.0,2.458824,38.93,-120.01,1.261
2.2056,22.0,6.478788,1.493939,829.0,2.512121,38.91,-120.02,1.072
3.0089,24.0,5.939502,1.501779,589.0,2.096085,38.89,-120.01,1.008
1.9727,21.0,5.366883,1.36039,737.0,2.392857,38.9,-120.0,1.141
2.875,22.0,16.883562,3.691781,381.0,2.609589,39.06,-120.13,0.875
4.975,16.0,56.269231,10.153846,54.0,2.076923,39.01,-120.16,2.063
1.875,33.0,141.909091,25.636364,30.0,2.727273,38.91,-120.1,5.00001
3.2027,11.0,5.276074,1.058282,850.0,2.607362,38.86,-120.92,1.286
3.2964,5.0,5.344444,1.01,2242.0,2.491111,38.68,-120.98,1.769
3.9036,11.0,6.155263,1.147368,1062.0,2.794737,38.66,-120.96,1.808
4.1843,12.0,6.330084,1.041783,2033.0,2.831476,38.62,-120.91,2.076
2.6392,21.0,6.221631,1.074468,1576.0,2.794326,38.76,-120.76,1.485
3.0217,22.0,4.983871,1.100806,615.0,2.479839,38.76,-120.6,1.069
3.0789,14.0,6.845865,1.18797,769.0,2.890977,38.68,-120.63,1.317
1.7829,45.0,4.7,1.047826,821.0,3.569565,36.73,-119.77,0.526
1.2375,35.0,4.459916,1.067511,2050.0,4.324895,36.75,-119.78,0.5
2.4137,21.0,5.386076,1.132911,1347.0,4.262658,36.73,-119.83,0.621
1.3343,22.0,3.685585,0.975028,4179.0,4.743473,36.72,-119.75,0.608
3.4107,33.0,5.954023,1.04023,620.0,3.563218,36.64,-119.63,1.104
1.6607,6.0,4.664251,1.019324,1344.0,3.246377,36.62,-119.65,0.58
3.5781,35.0,6.246246,1.096096,1026.0,3.081081,36.62,-119.73,0.928
3.5375,35.0,6.543956,1.043956,537.0,2.950549,36.74,-119.85,0.967
1.7298,52.0,4.277512,1.074163,1156.0,2.76555,36.75,-119.8,0.584
1.5273,46.0,4.764065,1.076225,1368.0,2.482759,36.75,-119.8,0.59
1.869,43.0,5.966912,1.080882,781.0,2.871324,36.76,-119.77,0.56
3.25,17.0,4.829352,0.911263,861.0,2.938567,36.8,-119.71,0.814
2.9406,24.0,5.116009,1.089327,2362.0,2.740139,36.77,-119.73,0.73
2.2467,27.0,4.590703,1.073696,2254.0,2.555556,36.78,-119.74,0.707
2.6852,33.0,5.312849,1.03352,1168.0,3.26257,36.7,-120.0,0.708
6.7181,15.0,7.199438,0.941011,1080.0,3.033708,36.83,-119.85,1.603
4.6726,6.0,5.730303,1.033333,969.0,2.936364,36.81,-119.87,1.078
10.5144,8.0,7.981053,1.025263,1424.0,2.997895,36.85,-119.84,3.459
5.0698,25.0,6.61,1.102,1149.0,2.298,36.81,-119.82,1.509
5.9897,8.0,6.125,0.943548,711.0,2.866935,36.85,-119.77,1.236
3.2147,7.0,5.39824,1.182618,2014.0,2.215622,36.84,-119.78,1.119
3.7656,7.0,6.156938,1.149282,2733.0,2.615311,36.86,-119.8,1.45
2.9471,33.0,6.68,1.024,528.0,2.112,36.8,-119.82,0.995
5.187,45.0,7.149733,1.0,471.0,2.518717,36.79,-119.8,1.538
3.2642,34.0,5.7,0.978723,1141.0,2.42766,36.79,-119.77,0.896
2.1383,30.0,4.997549,1.086601,2768.0,2.261438,36.78,-119.76,0.788
2.3375,17.0,4.770819,1.022712,3056.0,2.103235,36.82,-119.76,0.993
5.308,15.0,6.147668,0.943005,1280.0,3.316062,36.89,-119.67,1.675
1.8061,5.0,3.002762,0.933702,623.0,1.720994,36.83,-119.71,1.134
6.1133,11.0,7.241888,1.014749,1110.0,3.274336,36.83,-119.68,1.2
4.9432,4.0,6.341709,1.085427,622.0,3.125628,36.81,-119.67,1.144
5.0253,13.0,5.951724,0.949425,1356.0,3.117241,36.81,-119.68,1.062
5.6739,14.0,7.896272,1.063209,2085.0,3.379254,36.82,-119.64,1.738
2.3687,31.0,4.815562,1.072046,1371.0,3.951009,36.7,-119.55,0.639
1.9766,42.0,4.586667,0.955556,812.0,3.608889,36.69,-119.58,0.581
2.1515,6.0,5.440367,1.073394,1135.0,5.206422,36.72,-119.55,0.639
3.2917,19.0,6.182657,1.086716,1578.0,2.911439,36.69,-119.47,1.601
3.625,25.0,5.887789,1.029703,904.0,2.983498,36.63,-119.43,1.076
2.4219,19.0,4.979866,0.993289,1296.0,4.348993,36.61,-119.43,0.658
2.309,18.0,5.456422,1.027523,1638.0,3.756881,36.6,-119.55,0.571
2.2206,34.0,5.433962,1.007547,1018.0,3.841509,36.62,-119.5,0.634
1.9913,21.0,5.542105,1.078947,867.0,2.281579,36.58,-119.49,0.953
1.6094,27.0,4.887324,1.042254,1056.0,3.71831,36.66,-119.6,0.552
2.6974,29.0,4.841328,1.03321,788.0,2.907749,36.58,-119.61,0.73
2.5556,42.0,5.300459,1.006881,1347.0,3.08945,36.57,-119.6,0.697
3.2019,19.0,5.301158,0.955598,1670.0,3.223938,36.53,-119.56,0.957
2.1908,32.0,5.811594,1.057971,868.0,3.144928,36.57,-119.67,1.1
2.1153,18.0,4.280899,1.162921,2030.0,5.702247,36.34,-120.08,1.125
3.0658,36.0,4.943548,1.0,310.0,2.5,36.16,-120.37,0.65
1.5536,25.0,4.088785,1.0,931.0,4.350467,36.6,-120.19,0.583
1.7184,11.0,4.006173,1.004115,2104.0,4.329218,36.78,-120.39,0.552
2.3523,34.0,3.697802,0.950549,539.0,2.961538,36.86,-120.45,0.66
2.3295,42.0,5.467492,1.065015,1084.0,3.356037,36.97,-120.55,0.744
1.6948,30.0,5.370801,1.077519,1885.0,2.435401,39.75,-122.18,0.675
3.0469,20.0,5.656,1.008,337.0,2.696,39.74,-122.16,0.85
2.3507,39.0,5.165637,1.00618,2111.0,2.609394,39.74,-122.19,0.656
2.165,34.0,5.30495,1.055446,1287.0,2.548515,39.53,-122.19,0.587
2.0625,39.0,5.837529,1.102975,1181.0,2.702517,39.52,-122.2,0.634
1.7308,52.0,4.231173,1.082312,1150.0,2.014011,40.8,-124.16,0.805
2.2566,52.0,4.995349,0.97907,975.0,2.267442,40.79,-124.16,0.927
2.5536,37.0,4.687097,0.945161,867.0,2.796774,40.78,-124.18,0.702
1.755,47.0,4.516717,1.018237,765.0,2.325228,40.8,-124.15,0.741
1.6111,52.0,4.804878,1.064302,908.0,2.013304,40.8,-124.16,0.747
2.2478,31.0,5.12381,1.1,1259.0,2.997619,40.8,-124.13,0.811
1.1157,18.0,2.563745,0.964143,805.0,1.603586,40.86,-124.08,1.5
2.2188,50.0,4.925134,1.0,420.0,2.245989,40.88,-124.09,1.058
2.5667,12.0,4.76484,0.968037,1603.0,3.659817,40.88,-124.06,1.395
3.0469,25.0,6.386667,1.149333,983.0,2.621333,40.66,-123.74,1.36
3.2891,28.0,5.781818,1.177273,519.0,2.359091,40.93,-123.88,1.063
2.1726,23.0,4.287179,0.987179,1060.0,2.717949,41.02,-124.16,0.755
3.9659,33.0,5.322314,1.066116,334.0,2.760331,40.73,-124.1,1.118
2.8446,18.0,5.131213,0.992048,1375.0,2.733598,40.72,-124.14,1.005
1.6528,32.0,4.544776,1.235075,620.0,2.313433,40.75,-124.21,0.581
2.5179,36.0,5.051613,1.135484,1194.0,2.567742,40.69,-124.27,0.79
2.178,17.0,5.111301,1.044521,1544.0,2.643836,40.59,-124.14,0.768
2.6987,25.0,5.349296,1.005634,891.0,2.509859,40.58,-124.14,0.925
3.0806,52.0,6.193103,1.041379,1152.0,2.648276,40.54,-124.23,1.067
2.625,17.0,8.092025,1.638037,393.0,2.411043,40.06,-124.08,1.356
2.0962,28.0,6.413242,1.381279,1093.0,2.495434,40.28,-123.84,0.74
1.725,31.0,5.158774,1.259053,917.0,2.554318,40.24,-123.68,0.543
2.1864,17.0,5.818444,1.429395,899.0,2.590778,40.05,-123.78,1.019
1.6552,32.0,4.865854,1.27561,1069.0,2.607317,33.24,-115.51,0.433
1.9464,27.0,3.971129,1.036745,1121.0,2.942257,32.98,-115.54,0.606
1.975,24.0,4.032419,0.912718,1416.0,3.531172,32.97,-115.52,0.664
3.6528,34.0,6.640449,1.561798,327.0,3.674157,32.82,-115.32,1.0
3.3182,19.0,6.283237,0.988439,649.0,3.751445,32.86,-115.4,1.138
3.5735,30.0,4.78209,0.961194,1130.0,3.373134,32.82,-115.37,0.711
4.1293,3.0,5.221154,1.016026,1005.0,3.221154,32.87,-115.6,0.832
2.0938,16.0,6.444444,1.833333,123.0,2.277778,32.75,-115.72,0.875
1.1707,20.0,3.092568,1.088657,2283.0,2.976532,32.79,-115.56,0.625
2.8025,5.0,4.947761,1.130597,1767.0,3.296642,32.78,-115.55,0.843
4.0375,29.0,6.447222,1.019444,1173.0,3.258333,32.78,-115.57,0.864
6.2715,20.0,6.90991,1.058559,871.0,3.923423,32.78,-115.57,0.972
4.4821,15.0,6.908108,1.172973,653.0,3.52973,32.76,-115.56,1.403
2.5769,30.0,6.317568,1.195946,649.0,4.385135,32.69,-115.59,0.944
2.7,5.0,8.857143,2.047619,41.0,1.952381,33.38,-115.94,0.588
0.922,15.0,6.287671,1.30137,160.0,2.191781,33.36,-115.91,0.675
1.8958,12.0,5.823529,1.470588,37.0,2.176471,33.28,-115.95,0.538
1.2132,23.0,8.714286,2.461538,338.0,1.857143,33.35,-115.73,0.3
2.75,22.0,5.471698,1.058176,1541.0,2.422956,37.17,-118.3,0.945
4.3162,14.0,6.04811,1.037801,1748.0,3.003436,35.45,-119.03,0.871
3.0625,25.0,5.10356,1.003236,844.0,2.731392,35.41,-119.04,0.694
1.3222,31.0,3.842881,1.1473,1413.0,2.312602,35.41,-119.02,0.514
2.1818,35.0,4.473413,1.063465,1566.0,2.686106,35.4,-119.03,0.635
5.6235,12.0,6.259528,0.947368,1754.0,3.183303,35.41,-119.09,1.306
1.4427,36.0,3.798077,1.076923,426.0,2.048077,35.38,-119.01,0.506
3.5714,48.0,5.943925,1.031153,789.0,2.457944,35.4,-118.99,0.846
3.7708,42.0,5.829569,1.059548,1203.0,2.470226,35.39,-119.0,0.794
3.6734,34.0,5.815341,0.985795,888.0,2.522727,35.38,-118.96,0.929
1.0648,39.0,4.216901,1.078873,1182.0,3.329577,35.38,-118.98,0.5
1.4146,22.0,4.314286,1.088095,1592.0,3.790476,35.39,-118.98,0.491
2.5083,52.0,5.373563,1.097701,1325.0,2.538314,35.39,-118.99,0.701
0.8054,52.0,2.903226,1.129032,36.0,1.16129,35.38,-119.02,0.6
2.0455,52.0,3.897959,1.061224,106.0,2.163265,35.39,-119.02,0.725
1.6786,52.0,5.425993,1.32491,554.0,2.0,35.37,-119.03,1.266
4.5791,12.0,5.899267,1.021978,2966.0,2.716117,35.36,-119.08,1.234
1.2157,36.0,5.024575,1.183365,1490.0,2.816635,35.36,-119.01,0.57
1.6981,29.0,5.480176,1.171806,933.0,4.110132,35.36,-118.98,0.494
2.3125,38.0,4.959322,0.99661,692.0,2.345763,35.34,-119.02,0.658
3.1753,27.0,5.134228,1.003356,2212.0,2.474273,35.35,-119.04,0.85
5.1036,4.0,5.937673,1.031163,4250.0,2.943213,35.33,-119.12,1.034
4.997,9.0,6.734791,1.091255,3084.0,2.931559,35.33,-119.09,1.429
3.4827,11.0,5.072098,1.049027,3525.0,2.541456,35.32,-119.05,0.936
2.5804,25.0,5.213198,1.07445,1830.0,3.096447,35.27,-119.07,0.979
3.1592,33.0,5.495103,1.048966,2293.0,2.495103,35.15,-119.45,0.754
2.8452,24.0,6.096698,1.132075,1442.0,3.400943,35.4,-119.42,1.047
3.25,22.0,5.788235,1.035294,451.0,2.652941,35.39,-119.11,0.889
4.8266,13.0,6.746647,1.062593,2170.0,3.233979,35.37,-119.12,1.462
2.4044,34.0,5.478632,1.079772,1101.0,3.136752,35.5,-119.28,0.658
2.3934,33.0,5.25974,1.061688,1809.0,2.936688,35.59,-119.34,0.719
1.7868,20.0,4.563609,1.022189,2645.0,3.912722,35.59,-119.33,0.541
1.7813,28.0,3.379377,1.013619,1764.0,3.431907,35.77,-119.24,0.678
2.6288,23.0,6.421907,1.419878,1097.0,2.225152,35.75,-118.44,0.96
3.3269,15.0,5.265107,1.122807,1245.0,2.426901,35.65,-117.68,0.819
2.9583,20.0,5.490566,1.100629,422.0,2.654088,34.92,-118.27,0.917
2.7361,21.0,4.277978,0.974729,1488.0,2.685921,34.86,-118.17,0.833
1.9236,29.0,5.126482,1.035573,909.0,3.592885,35.13,-118.92,1.063
2.1357,17.0,4.324503,1.068433,1763.0,3.891832,35.2,-118.83,0.535
3.0375,26.0,6.14791,1.090032,1002.0,3.221865,36.37,-119.55,1.263
3.3214,25.0,6.093863,1.090253,879.0,3.173285,36.38,-119.69,1.031
3.9926,14.0,5.555556,1.009804,1867.0,3.050654,36.32,-119.77,0.925
2.1038,24.0,5.015945,1.072893,1052.0,2.396355,36.3,-119.77,0.62
3.2386,16.0,5.03,1.06,515.0,2.575,36.33,-119.78,1.125
3.5486,4.0,6.208333,1.305,1478.0,2.463333,36.37,-119.65,1.48
2.6145,10.0,5.116992,1.022284,1864.0,2.5961,36.35,-119.62,0.803
1.3569,32.0,4.60334,1.091858,1772.0,3.699374,36.32,-119.64,0.431
2.625,20.0,5.953229,1.006682,1394.0,3.104677,36.27,-119.57,0.974
1.9141,15.0,6.534211,1.431579,835.0,2.197368,39.09,-122.9,1.432
2.4423,21.0,5.779528,1.270341,1000.0,2.624672,39.07,-122.91,1.023
1.1912,32.0,6.356164,1.616438,703.0,2.407534,38.97,-122.65,0.6
1.7273,29.0,6.492647,1.375,326.0,2.397059,38.96,-122.64,0.582
1.7566,25.0,7.107527,1.548387,192.0,2.064516,38.94,-122.63,0.49
3.2375,17.0,8.00627,1.69279,723.0,2.266458,38.97,-122.7,1.142
1.375,20.0,4.1,1.8,94.0,9.4,38.91,-122.71,0.55
1.6833,15.0,5.351852,0.907407,191.0,3.537037,38.99,-122.83,1.139
3.8831,7.0,8.643705,1.513064,1027.0,2.43943,38.81,-122.55,1.321
2.2661,16.0,5.783051,1.130508,1873.0,3.174576,40.37,-120.58,0.618
3.5568,37.0,4.928447,1.104712,1619.0,2.82548,34.26,-118.3,1.845
2.4727,19.0,3.772296,1.127135,1399.0,2.654649,34.25,-118.29,1.75
4.45,32.0,5.156187,1.066937,1278.0,2.592292,34.24,-118.28,2.636
3.1349,29.0,4.321937,1.042735,1776.0,2.529915,34.27,-118.33,2.302
6.1464,34.0,6.309255,1.038375,1267.0,2.860045,34.25,-118.35,3.544
3.3304,16.0,4.462322,1.004752,6161.0,4.182621,34.28,-118.4,1.549
2.5313,38.0,3.918919,0.923423,1065.0,4.797297,34.26,-118.41,1.361
3.6016,36.0,4.213235,0.952206,1173.0,4.3125,34.25,-118.41,1.538
3.6292,36.0,4.583333,1.060897,1502.0,4.814103,34.25,-118.42,1.452
3.9583,19.0,4.842294,1.034409,4205.0,3.014337,34.31,-118.42,1.632
4.0301,14.0,4.536612,1.028415,3163.0,3.456831,34.31,-118.44,1.543
3.4,38.0,4.877676,0.960245,1181.0,3.611621,34.3,-118.44,1.555
4.8988,13.0,5.113244,0.994242,1468.0,2.817658,34.32,-118.47,3.252
7.0598,25.0,6.965986,0.986395,357.0,2.428571,34.31,-118.49,3.563
7.5078,24.0,7.022857,0.992,2710.0,3.097143,34.3,-118.51,3.44
3.4812,35.0,4.50883,1.014349,3988.0,4.401766,34.3,-118.45,1.602
3.6989,32.0,5.192037,0.98829,1064.0,2.491803,34.25,-118.46,2.086
5.5792,35.0,5.469741,0.991354,1123.0,3.236311,34.26,-118.47,2.184
4.6591,27.0,6.49642,1.116945,1164.0,2.778043,34.26,-118.49,2.399
8.203,21.0,7.595463,1.013233,1508.0,2.850662,34.26,-118.55,4.454
4.8316,33.0,5.617063,1.011905,1340.0,2.65873,34.26,-118.5,2.373
5.0,28.0,5.434316,0.954424,2164.0,2.900804,34.25,-118.49,2.58
5.6392,18.0,5.951644,1.034816,3010.0,2.911025,34.26,-118.6,2.715
8.3841,35.0,6.716895,0.958904,735.0,3.356164,34.23,-118.52,4.722
3.3892,20.0,4.195494,1.018555,2957.0,1.959576,34.25,-118.53,3.231
6.2788,26.0,6.581047,0.942643,1191.0,2.970075,34.25,-118.54,3.222
4.7926,27.0,5.388235,1.08,2252.0,2.649412,34.23,-118.51,4.544
2.3111,19.0,3.872786,1.064412,1855.0,2.987118,34.24,-118.47,2.554
5.0232,30.0,6.268559,1.026201,1335.0,2.914847,34.25,-118.49,2.539
6.0965,34.0,6.420195,1.029316,917.0,2.986971,34.24,-118.49,2.623
3.7,35.0,4.509972,0.923077,1481.0,4.219373,34.25,-118.44,1.76
3.725,35.0,5.874687,1.090226,1531.0,3.837093,34.24,-118.44,1.782
3.6618,36.0,4.48366,0.964052,774.0,2.529412,34.22,-118.43,1.873
3.6442,43.0,5.304348,0.965217,729.0,3.169565,34.22,-118.4,1.863
4.8194,45.0,5.197861,0.967914,554.0,2.962567,34.21,-118.4,1.813
4.775,35.0,5.073559,1.083499,1850.0,3.677932,34.24,-118.4,1.795
5.35,35.0,5.400763,0.98855,1577.0,3.009542,34.21,-118.41,2.105
2.9028,11.0,4.013208,1.096226,1989.0,3.75283,34.22,-118.37,1.741
2.2679,32.0,3.54902,0.980392,348.0,3.411765,34.22,-118.38,1.5
3.7663,37.0,4.307692,0.991453,1545.0,4.401709,34.22,-118.36,1.603
4.1429,39.0,4.732794,0.979757,612.0,2.477733,34.19,-118.41,2.0
3.9792,42.0,5.263514,0.97973,450.0,3.040541,34.19,-118.41,1.938
2.2589,33.0,4.326452,1.019355,2318.0,2.990968,34.19,-118.42,2.697
3.3594,30.0,3.972973,1.06006,856.0,2.570571,34.18,-118.42,2.022
3.9099,33.0,4.551089,1.108878,1546.0,2.589615,34.18,-118.43,2.675
2.3333,45.0,5.157895,1.096491,471.0,2.065789,34.16,-118.4,3.647
6.3703,32.0,6.0,0.990196,1159.0,2.272549,34.16,-118.41,4.658
1.9866,30.0,3.786822,1.023256,736.0,2.852713,34.19,-118.38,1.774
2.9228,35.0,3.953083,1.064343,2106.0,2.823056,34.18,-118.37,1.773
2.5603,32.0,3.517822,1.049505,3129.0,3.09802,34.18,-118.38,1.742
3.9038,35.0,4.535831,1.079805,1631.0,2.656352,34.18,-118.41,2.761
4.0764,32.0,4.979716,1.127789,989.0,2.006085,34.16,-118.36,3.25
3.5051,17.0,3.986551,1.102786,1808.0,1.736792,34.16,-118.37,2.324
4.125,26.0,4.479688,1.048437,1955.0,3.054688,34.21,-118.43,2.265
2.9688,19.0,3.363303,1.055046,2657.0,2.437615,34.2,-118.45,2.021
2.8974,26.0,3.951267,1.089669,1545.0,3.011696,34.2,-118.48,1.899
3.1667,23.0,3.77396,1.03255,1809.0,3.271248,34.19,-118.49,2.02
6.1142,35.0,4.825243,0.954693,779.0,2.521036,34.19,-118.46,2.563
2.5197,35.0,3.468687,0.965657,1628.0,3.288889,34.2,-118.44,2.256
2.936,17.0,3.300337,1.068616,2517.0,2.831271,34.2,-118.44,2.325
2.6979,33.0,4.075243,0.980583,933.0,2.264563,34.17,-118.43,2.66
4.4423,28.0,5.12844,1.141284,1173.0,2.152294,34.16,-118.46,2.804
2.2304,42.0,4.664671,0.964072,884.0,2.646707,34.2,-118.5,2.038
5.3028,35.0,6.026128,0.992874,1161.0,2.75772,34.19,-118.51,2.292
4.1304,18.0,4.674367,1.026403,2047.0,2.251925,34.2,-118.5,2.291
4.2143,34.0,5.40281,0.908665,1168.0,2.735363,34.18,-118.52,2.454
3.0187,24.0,4.173776,1.099526,1649.0,2.605055,34.21,-118.58,2.177
4.3125,34.0,5.535433,1.0,369.0,2.905512,34.19,-118.61,2.101
5.6163,33.0,6.419149,1.051064,1423.0,3.02766,34.19,-118.64,2.484
4.2009,7.0,4.84389,1.099714,4404.0,1.799755,34.18,-118.59,2.713
4.1656,37.0,6.325368,1.073529,1283.0,2.358456,34.16,-118.6,3.131
6.14,28.0,6.57554,1.070504,1693.0,2.435971,34.15,-118.6,3.619
6.1274,11.0,6.75,1.0875,386.0,2.4125,34.17,-118.54,3.159
5.0605,32.0,5.735238,1.007619,1287.0,2.451429,34.18,-118.55,3.11
12.8879,28.0,7.703196,1.031963,2431.0,2.775114,34.14,-118.51,5.00001
3.7125,26.0,4.915254,1.130508,1090.0,1.847458,34.15,-118.43,4.474
4.1727,10.0,4.101504,0.977444,517.0,1.943609,34.15,-118.45,3.326
8.8115,34.0,6.990704,1.023904,1738.0,2.308101,34.14,-118.46,5.00001
3.1289,42.0,4.508604,1.043977,1065.0,2.036329,34.16,-118.38,3.206
3.1146,36.0,4.091047,1.081942,905.0,1.373293,34.15,-118.39,3.735
5.1377,45.0,4.738636,1.011364,187.0,2.125,34.14,-118.4,3.607
5.5291,52.0,5.937984,1.049096,1203.0,3.108527,34.14,-118.22,2.746
5.5456,50.0,5.678571,1.099379,1725.0,2.678571,34.14,-118.22,2.581
2.2267,25.0,3.244898,1.068027,1412.0,2.401361,34.14,-118.21,1.898
2.7098,47.0,4.330601,1.147541,949.0,2.592896,34.13,-118.22,1.738
3.0,52.0,3.960417,1.09375,1856.0,3.866667,34.11,-118.2,1.564
2.987,46.0,4.166052,1.00861,2833.0,3.484625,34.12,-118.19,1.769
2.1667,40.0,4.019048,1.104762,1032.0,3.27619,34.11,-118.19,1.5
5.2723,40.0,5.10303,0.957576,795.0,2.409091,34.1,-118.21,2.183
2.1687,41.0,3.252404,0.911058,1536.0,3.692308,34.1,-118.23,1.57
4.825,40.0,5.379648,1.135029,1375.0,2.690802,34.13,-118.22,2.058
5.5051,31.0,5.34555,1.0,495.0,2.591623,34.11,-118.23,2.235
2.7679,50.0,5.025822,1.058685,1777.0,4.171362,34.11,-118.24,1.788
3.1691,42.0,3.530093,1.055556,1688.0,3.907407,34.1,-118.24,1.413
2.625,42.0,4.152778,1.020833,312.0,2.166667,34.1,-118.25,1.643
3.6181,38.0,4.051865,1.051865,1830.0,1.66515,34.11,-118.28,4.956
3.8393,52.0,4.721649,1.072165,1278.0,2.635052,34.12,-118.26,2.382
12.9591,49.0,7.5,0.997368,1113.0,2.928947,34.11,-118.29,5.00001
3.2462,33.0,3.974458,1.122291,2404.0,1.860681,34.11,-118.32,4.357
8.2335,37.0,5.098468,0.949672,846.0,1.851204,34.11,-118.33,4.302
4.0833,34.0,7.030303,1.034091,540.0,2.045455,34.13,-118.32,5.00001
4.0965,23.0,4.596985,1.430151,1624.0,1.632161,34.14,-118.32,5.00001
2.976,52.0,4.74359,1.029304,578.0,2.117216,34.1,-118.36,4.051
1.8209,29.0,2.524111,1.147826,2039.0,1.611858,34.1,-118.34,5.00001
1.9354,35.0,2.714698,1.069339,5899.0,2.130372,34.1,-118.3,3.4
2.1866,29.0,2.633094,1.035971,691.0,2.485612,34.1,-118.33,2.5
2.0341,32.0,3.043243,1.032432,626.0,3.383784,34.09,-118.32,2.5
1.7325,36.0,2.614534,1.090047,1957.0,3.091627,34.1,-118.32,2.219
1.7083,29.0,2.898637,1.164395,3432.0,2.923339,34.1,-118.3,1.667
1.7514,34.0,2.660137,1.091087,2991.0,2.929481,34.09,-118.29,1.875
2.3317,29.0,3.031123,1.071719,2254.0,3.050068,34.09,-118.29,1.725
1.9063,52.0,3.603399,0.912181,984.0,2.787535,34.09,-118.29,2.616
2.1927,29.0,2.944646,1.079855,3906.0,3.544465,34.09,-118.3,2.533
2.0044,30.0,2.284493,0.935287,2595.0,3.168498,34.09,-118.32,2.125
1.879,28.0,2.847969,1.073394,2548.0,3.33945,34.09,-118.32,2.188
1.4375,36.0,4.417323,1.417323,340.0,2.677165,34.09,-118.33,1.65
2.2422,30.0,3.286052,1.080378,1460.0,3.451537,34.08,-118.31,2.545
6.0338,52.0,5.793427,1.046948,543.0,2.549296,34.08,-118.37,4.237
3.8448,36.0,4.445431,1.057107,2652.0,3.365482,34.09,-118.26,2.414
2.3816,52.0,3.784615,1.061538,994.0,3.823077,34.08,-118.26,1.667
3.5039,46.0,3.75,0.992063,910.0,3.611111,34.08,-118.26,1.875
2.6178,52.0,3.30429,1.036193,2328.0,3.120643,34.08,-118.28,2.031
2.4677,49.0,3.793855,1.186323,2862.0,2.836472,34.09,-118.28,2.192
2.1108,44.0,3.81016,1.171123,1121.0,2.997326,34.08,-118.25,2.0
1.7945,50.0,2.653333,0.977778,2183.0,3.234074,34.08,-118.26,1.667
3.1864,52.0,4.607038,1.121701,1728.0,2.533724,34.09,-118.25,1.898
2.4038,46.0,3.612654,1.084877,2371.0,3.658951,34.07,-118.26,1.817
2.2545,18.0,3.341369,1.104199,4332.0,3.368585,34.07,-118.25,1.925
1.8173,31.0,3.007634,0.89313,573.0,4.374046,34.08,-118.22,1.542
2.0133,35.0,3.02008,0.957831,2059.0,4.134538,34.07,-118.22,1.458
2.5523,36.0,3.930769,1.021795,3097.0,3.970513,34.09,-118.17,1.565
1.9762,32.0,3.404908,0.97546,748.0,4.588957,34.06,-118.19,1.375
1.1868,47.0,3.912458,1.107744,3020.0,5.084175,34.06,-118.19,0.938
2.2788,47.0,3.774566,1.130058,1499.0,4.33237,34.04,-118.21,1.396
1.8125,45.0,2.541284,0.981651,888.0,4.073394,34.03,-118.22,1.396
2.7266,37.0,4.198939,1.039788,1776.0,4.710875,34.03,-118.2,1.408
2.6875,45.0,4.212766,1.079787,872.0,4.638298,34.02,-118.21,1.297
1.3615,43.0,3.718686,1.053388,2123.0,4.359343,34.02,-118.21,1.333
1.9233,41.0,3.414013,1.05414,1111.0,3.538217,34.07,-118.28,2.071
1.494,45.0,1.768025,1.106583,1172.0,3.673981,34.06,-118.27,1.875
1.4904,26.0,1.598131,1.05296,1204.0,3.750779,34.06,-118.27,2.75
0.9563,52.0,1.78453,1.19337,2081.0,2.874309,34.05,-118.27,2.75
1.6184,52.0,2.170396,1.060241,2309.0,3.974182,34.06,-118.28,2.25
1.3,41.0,1.750814,0.972313,2260.0,3.680782,34.05,-118.28,1.625
1.3169,47.0,2.153094,1.169381,1406.0,4.579805,34.05,-118.27,1.125
1.7365,24.0,2.629823,1.116416,3727.0,2.437541,34.07,-118.29,1.125
2.1637,46.0,2.005701,1.153934,2716.0,3.096921,34.06,-118.29,3.5
1.7896,23.0,2.246869,1.076029,3720.0,3.32737,34.06,-118.3,3.222
5.5871,52.0,5.403922,1.062745,971.0,1.903922,34.08,-118.34,5.00001
3.2645,52.0,4.086648,1.024148,1186.0,1.684659,34.08,-118.35,1.75
3.1765,52.0,4.119792,1.043403,1135.0,1.970486,34.08,-118.36,2.25
2.9621,52.0,3.979079,1.020921,848.0,1.774059,34.08,-118.36,1.75
3.3594,45.0,3.823126,1.055365,3359.0,1.645762,34.07,-118.35,2.875
4.0179,46.0,4.15869,1.032746,512.0,1.289673,34.07,-118.35,3.5
4.7019,48.0,4.87395,1.008403,748.0,2.095238,34.07,-118.36,4.111
4.25,52.0,5.736979,1.138021,899.0,2.341146,34.07,-118.37,4.869
3.3989,25.0,3.883291,1.097397,1739.0,1.460118,34.08,-118.38,4.85
3.5573,21.0,4.104494,1.074157,1510.0,1.696629,34.07,-118.38,5.00001
3.1766,52.0,3.184554,1.060181,1594.0,1.598796,34.07,-118.34,2.25
2.9605,52.0,5.392405,1.151899,921.0,2.331646,34.06,-118.36,5.00001
4.5192,52.0,5.582781,1.059603,333.0,2.205298,34.06,-118.37,4.46
2.7824,29.0,4.504566,1.150685,1676.0,1.913242,34.06,-118.38,4.5
4.4191,52.0,5.799065,0.981308,526.0,2.457944,34.05,-118.38,3.341
2.2725,39.0,3.421053,1.024561,723.0,2.536842,34.05,-118.34,1.406
2.3526,48.0,3.807074,1.054662,953.0,3.064309,34.04,-118.32,1.563
3.6373,52.0,6.841398,1.077957,1004.0,2.698925,34.04,-118.33,4.2
3.0856,49.0,3.717172,0.895623,668.0,2.249158,34.04,-118.35,1.516
2.4635,41.0,4.312,1.128,1110.0,2.96,34.04,-118.35,1.694
1.8783,45.0,4.445333,1.064,928.0,2.474667,34.02,-118.33,1.182
1.6429,46.0,3.834163,1.036484,1552.0,2.573798,34.03,-118.33,1.25
3.1442,50.0,4.507692,1.003846,685.0,2.634615,34.02,-118.34,1.303
1.7225,50.0,3.60041,1.069672,2080.0,4.262295,34.04,-118.3,1.8
0.8351,29.0,3.237716,1.151394,2114.0,2.807437,34.03,-118.31,1.5
1.767,37.0,3.711111,1.088889,2376.0,3.771429,34.04,-118.31,1.703
0.844,26.0,3.683566,1.414336,2821.0,4.931818,34.03,-118.28,3.5
1.8333,52.0,3.155556,1.044444,137.0,3.044444,34.03,-118.24,3.125
1.6302,32.0,3.18287,1.037037,1698.0,3.930556,34.02,-118.25,1.307
2.131,38.0,3.208824,1.026471,1786.0,5.252941,34.02,-118.26,1.365
1.3134,48.0,3.6625,1.1,1859.0,4.6475,34.02,-118.26,0.962
2.1957,33.0,3.254369,1.019417,2564.0,4.978641,34.02,-118.25,1.008
2.3304,32.0,3.310606,1.035354,1792.0,4.525253,34.02,-118.25,1.199
2.375,48.0,3.6,0.9,485.0,4.409091,34.01,-118.24,1.075
1.4464,30.0,3.657795,1.106464,1280.0,4.86692,34.01,-118.25,1.102
1.9074,37.0,4.098662,1.117057,2824.0,4.722408,34.01,-118.26,0.996
1.2206,35.0,3.22158,1.071291,2106.0,4.057803,34.01,-118.27,1.292
1.8641,43.0,3.577997,1.119869,2624.0,4.308703,34.01,-118.26,1.082
1.4792,34.0,3.65643,1.059501,2194.0,4.211132,34.0,-118.25,0.958
1.7132,38.0,4.40874,1.064267,1714.0,4.40617,34.0,-118.24,1.082
1.9531,30.0,4.097561,1.138211,529.0,4.300813,33.99,-118.27,1.0
1.2065,43.0,3.008439,1.033755,880.0,3.71308,34.0,-118.28,1.036
3.5,42.0,4.911058,0.908654,869.0,2.088942,34.02,-118.33,1.811
2.0217,43.0,4.71822,1.194915,956.0,2.025424,34.01,-118.33,1.875
2.2054,47.0,5.271293,1.223975,895.0,2.823344,34.0,-118.33,1.215
4.9531,47.0,5.884097,1.024259,927.0,2.498652,33.99,-118.35,1.801
2.2396,44.0,4.670968,1.012903,861.0,2.777419,33.98,-118.32,1.086
3.5114,52.0,6.37276,1.146953,795.0,2.849462,33.97,-118.32,1.388
1.8818,35.0,3.659164,0.977492,1128.0,3.62701,33.99,-118.28,1.0
1.4625,37.0,4.247845,1.105603,1673.0,3.605603,33.99,-118.28,1.03
1.0516,41.0,4.275676,1.124324,1422.0,3.843243,33.98,-118.29,1.083
1.9375,43.0,5.239669,1.096419,1153.0,3.176309,33.99,-118.29,1.129
1.1645,44.0,5.151943,1.151943,1159.0,4.095406,33.99,-118.3,0.982
5.1136,44.0,2.883117,0.701299,234.0,3.038961,33.98,-118.31,1.117
0.9809,19.0,3.187726,1.129964,726.0,2.620939,33.98,-118.28,1.214
1.9219,31.0,3.871401,1.086372,2063.0,3.959693,33.97,-118.28,1.07
1.375,35.0,4.058099,1.116197,1978.0,3.482394,33.97,-118.28,1.0
2.7401,41.0,5.412,1.144,751.0,3.004,33.94,-118.31,1.317
1.6652,34.0,3.875524,1.121678,2782.0,3.890909,33.97,-118.28,0.99
1.5521,30.0,3.850679,1.002262,1966.0,4.447964,33.99,-118.26,0.975
1.8047,41.0,3.858824,0.952941,730.0,4.294118,33.99,-118.27,1.018
2.125,44.0,4.294264,1.139651,2177.0,5.428928,33.98,-118.27,0.925
1.5962,46.0,4.344,0.996,880.0,3.52,33.97,-118.26,0.957
1.6898,38.0,3.907042,0.974648,1240.0,3.492958,33.95,-118.26,0.951
2.0917,35.0,4.284404,1.107034,1357.0,4.149847,33.95,-118.29,0.993
2.7917,43.0,4.765873,1.15873,840.0,3.333333,33.94,-118.28,1.056
1.4103,41.0,4.348958,1.083333,707.0,3.682292,33.95,-118.28,0.862
1.5147,44.0,4.701587,1.044444,999.0,3.171429,33.95,-118.26,0.946
1.6887,44.0,4.465587,1.072874,760.0,3.076923,33.94,-118.26,0.996
1.1326,42.0,4.890785,1.006826,775.0,2.645051,33.93,-118.26,1.048
1.4329,21.0,3.057762,1.00361,1283.0,4.631769,33.93,-118.28,0.941
2.2778,41.0,5.333333,1.178571,605.0,3.60119,33.93,-118.29,1.281
1.2098,38.0,4.410638,1.06383,1657.0,3.525532,33.93,-118.27,0.884
2.0769,34.0,5.527778,1.25,673.0,4.673611,33.94,-118.24,0.883
12.8665,37.0,7.457565,1.012915,1318.0,2.431734,34.07,-118.48,5.00001
13.5728,36.0,8.321023,1.039773,1054.0,2.994318,34.07,-118.49,5.00001
7.9096,39.0,6.34878,1.112195,928.0,2.263415,33.99,-118.55,5.00001
7.6447,45.0,7.432749,1.111111,419.0,2.450292,34.06,-118.47,5.00001
6.7496,36.0,5.411616,1.09596,751.0,1.896465,34.05,-118.48,5.00001
4.4674,18.0,4.6139,1.150579,1886.0,1.820463,34.05,-118.44,5.00001
4.7109,32.0,4.508393,1.043165,798.0,1.913669,34.05,-118.44,5.0
7.2675,11.0,6.87689,1.384449,911.0,1.967603,34.06,-118.43,5.00001
4.8304,38.0,5.216649,1.201708,1698.0,1.812166,34.05,-118.42,5.00001
6.7115,52.0,5.55082,0.95082,727.0,2.383607,34.05,-118.43,5.00001
3.0069,25.0,3.064378,1.027182,1390.0,1.988555,34.04,-118.46,3.25
3.7813,39.0,4.564738,1.107438,931.0,2.564738,34.03,-118.45,3.363
11.1768,52.0,6.461774,1.015291,800.0,2.446483,34.04,-118.41,5.00001
5.1637,36.0,5.291161,1.10052,1234.0,2.138648,34.03,-118.41,5.00001
8.5938,43.0,7.559687,1.050881,1398.0,2.735812,34.04,-118.4,5.00001
6.6368,42.0,7.191176,0.995098,577.0,2.828431,34.05,-118.39,5.00001
6.2895,45.0,6.5,1.101695,254.0,2.152542,34.04,-118.38,3.404
3.116,19.0,3.403451,1.08722,3870.0,1.805037,34.02,-118.4,3.0
3.0965,16.0,3.324772,1.065068,3390.0,1.934932,34.02,-118.41,3.2
6.2583,37.0,4.959502,0.959502,783.0,2.439252,34.02,-118.44,3.86
3.6019,20.0,3.691139,1.106329,2165.0,1.827004,34.03,-118.41,4.636
4.7,39.0,5.533333,1.04058,867.0,2.513043,34.0,-118.45,3.347
3.099,42.0,4.403315,1.019337,952.0,2.629834,34.01,-118.42,3.354
2.7058,28.0,3.376309,1.081543,3586.0,1.975758,34.0,-118.43,3.109
2.918,39.0,3.891738,1.044634,2054.0,1.950617,34.0,-118.46,3.456
2.3542,39.0,3.861635,1.09434,538.0,3.383648,34.0,-118.46,2.357
2.1471,33.0,4.313131,1.186869,645.0,3.257576,33.99,-118.47,2.393
3.015,50.0,3.280335,1.048117,764.0,1.598326,33.99,-118.47,4.143
3.0682,52.0,3.732843,1.095588,636.0,1.558824,33.99,-118.47,4.125
2.9722,33.0,4.382889,1.100982,1720.0,2.412342,33.99,-118.45,3.25
6.1726,18.0,4.707938,1.234648,3408.0,1.701448,33.97,-118.46,5.00001
3.191,30.0,4.034091,1.061364,3738.0,4.247727,34.0,-118.41,2.712
4.3281,35.0,4.823656,1.064516,1135.0,2.44086,33.99,-118.43,3.24
6.2673,38.0,5.516667,0.972222,374.0,2.077778,33.97,-118.39,3.572
5.1064,16.0,4.142142,1.108206,6270.0,1.744089,33.96,-118.43,2.832
7.5953,38.0,6.05,0.966667,502.0,2.788889,33.97,-118.4,4.348
5.9544,44.0,6.127983,0.982646,1221.0,2.64859,33.97,-118.4,3.772
4.1471,32.0,4.702703,0.986486,567.0,2.554054,33.96,-118.41,2.844
1.9049,10.0,3.689655,1.114058,1378.0,3.655172,33.85,-118.29,2.222
2.3942,38.0,3.075,0.9,142.0,3.55,33.85,-118.3,2.0
3.125,30.0,4.397727,1.075284,2048.0,2.909091,33.8,-118.31,2.333
2.1447,26.0,3.48595,1.076033,2120.0,3.504132,33.79,-118.27,1.587
2.8462,39.0,3.861035,0.978202,1450.0,3.950954,33.79,-118.27,1.72
2.5262,21.0,3.021622,1.057658,4426.0,3.987387,33.78,-118.27,1.673
1.5369,39.0,3.621339,1.014644,2115.0,4.424686,33.77,-118.27,1.413
2.45,41.0,3.536585,1.03252,1384.0,3.750678,33.75,-118.28,1.868
1.5394,40.0,3.481113,1.017893,1939.0,3.854871,33.74,-118.28,2.0
2.5795,27.0,4.274611,1.147668,1359.0,3.520725,33.75,-118.29,1.924
2.75,41.0,4.017442,1.049419,905.0,2.630814,33.74,-118.29,2.383
5.0874,36.0,5.637255,0.964052,799.0,2.611111,33.73,-118.31,3.685
5.3074,42.0,5.359504,1.016529,611.0,2.524793,33.67,-118.31,4.019
7.585,31.0,6.450085,1.006768,1645.0,2.783418,34.24,-118.24,3.801
5.3473,41.0,6.089172,0.980892,896.0,2.853503,34.23,-118.24,3.527
6.01,43.0,5.100962,1.0,514.0,2.471154,34.23,-118.24,2.542
5.1028,42.0,5.837121,1.060606,753.0,2.852273,34.23,-118.24,2.921
4.9355,34.0,6.5625,1.079167,1392.0,2.9,34.25,-118.25,3.369
6.1873,35.0,5.348432,0.986063,816.0,2.843206,34.24,-118.26,3.121
5.5756,41.0,4.542857,0.993407,1282.0,2.817582,34.2,-118.24,3.099
3.5777,32.0,4.604343,1.068758,1888.0,2.277443,34.21,-118.24,2.456
8.1325,24.0,7.29202,1.044992,3401.0,2.887097,34.17,-118.21,4.727
5.5118,48.0,5.799257,1.040892,825.0,3.066914,34.17,-118.27,3.547
5.5658,52.0,5.3,0.984091,1135.0,2.579545,34.17,-118.28,3.312
3.6354,22.0,4.235294,1.034976,1553.0,2.468998,34.17,-118.28,2.563
3.2171,14.0,3.284369,1.009416,1494.0,2.813559,34.15,-118.27,2.308
3.0,14.0,3.454229,1.035921,1941.0,2.249131,34.15,-118.26,1.786
5.6921,45.0,5.507614,1.017766,1043.0,2.647208,34.13,-118.24,2.69
4.0272,45.0,4.583721,1.02093,1245.0,2.895349,34.13,-118.24,2.605
2.2244,36.0,3.230263,1.123904,2542.0,2.787281,34.13,-118.25,2.559
3.9041,36.0,5.098039,1.013072,1441.0,2.354575,34.18,-118.29,3.204
4.375,51.0,6.502165,1.051948,586.0,2.536797,34.19,-118.3,3.324
4.1731,37.0,5.5625,1.0375,485.0,2.020833,34.19,-118.32,3.521
3.1051,23.0,3.731289,1.031705,4757.0,2.472453,34.2,-118.33,2.065
3.0687,37.0,3.153153,1.036036,342.0,3.081081,34.17,-118.3,2.0
2.8125,46.0,4.722034,1.020339,714.0,2.420339,34.18,-118.34,2.299
2.473,44.0,5.29863,1.027397,750.0,2.054795,34.17,-118.33,2.518
3.5637,40.0,4.414388,1.08777,1190.0,1.71223,34.15,-118.34,4.974
2.9306,40.0,4.635236,0.883375,799.0,1.98263,34.17,-118.32,2.793
3.2095,50.0,4.390335,0.98513,1196.0,4.446097,34.29,-118.43,1.67
2.3724,27.0,3.228464,1.048689,1243.0,4.655431,34.28,-118.43,1.542
2.3375,30.0,3.371681,1.00885,840.0,3.716814,34.29,-118.45,1.542
8.0683,20.0,8.124161,1.026846,1023.0,3.432886,34.15,-117.83,4.515
3.8365,29.0,5.503686,1.12285,1187.0,2.916462,34.14,-117.9,1.842
6.2089,33.0,6.529248,1.011142,1098.0,3.058496,34.14,-117.86,2.834
4.636,33.0,5.660333,1.016627,1269.0,3.014252,34.13,-117.86,2.455
3.4107,29.0,4.256757,0.97973,378.0,2.554054,34.13,-117.86,1.708
4.8229,23.0,6.351619,1.057554,3100.0,2.78777,34.12,-117.81,1.926
3.6201,21.0,4.66622,1.08311,1866.0,2.50134,34.11,-117.81,1.504
3.8929,19.0,4.974293,1.025707,1126.0,2.894602,34.1,-117.81,1.446
4.075,18.0,5.733749,1.028601,5407.0,2.811752,34.1,-117.83,2.311
3.0735,23.0,5.334589,1.040693,3205.0,2.415222,34.11,-117.78,2.123
3.1477,52.0,5.588694,0.966862,978.0,1.906433,34.1,-117.72,2.912
2.4952,32.0,4.001235,1.104938,1592.0,1.965432,34.1,-117.72,1.818
3.2566,36.0,4.926421,1.09699,785.0,2.625418,34.09,-117.72,1.518
2.3156,51.0,3.963918,1.015464,1173.0,3.023196,34.07,-117.76,1.098
2.2258,25.0,3.58159,1.027197,1807.0,3.780335,34.06,-117.78,1.148
3.7583,33.0,5.627907,1.106312,1689.0,5.611296,34.07,-117.79,1.163
2.227,30.0,3.703704,1.098039,1719.0,3.745098,34.06,-117.76,0.919
1.6006,52.0,4.427083,1.017361,1246.0,2.163194,34.07,-117.75,1.462
4.1339,34.0,5.320158,0.955204,2716.0,3.578393,34.07,-117.73,1.35
1.9643,32.0,3.88225,1.149385,1718.0,3.019332,34.06,-117.72,1.132
1.4063,51.0,4.446429,1.026786,368.0,3.285714,34.06,-117.73,0.988
2.3406,33.0,4.11349,1.047109,1430.0,3.062099,34.07,-117.73,1.226
2.2596,33.0,3.810409,0.97026,854.0,3.174721,34.07,-117.73,1.194
2.8929,36.0,4.184549,1.042918,809.0,3.472103,34.05,-117.73,1.181
3.7454,33.0,5.13969,1.028825,1904.0,4.221729,34.02,-117.74,1.164
5.6513,26.0,7.193634,1.066313,1389.0,3.68435,34.0,-117.85,2.279
6.3875,10.0,6.684171,1.054764,8686.0,3.258065,33.99,-117.86,3.107
6.0191,8.0,6.347327,1.047525,15507.0,3.070693,34.03,-117.78,2.539
5.0111,16.0,6.157757,1.075619,4911.0,3.201434,34.01,-117.83,2.129
6.1076,26.0,6.134907,0.939292,1993.0,3.360877,33.98,-117.84,2.212
6.6288,7.0,6.802554,1.026277,15037.0,3.69278,34.04,-117.87,3.397
5.6015,33.0,5.913613,0.937173,2037.0,2.66623,34.08,-117.87,2.672
2.6292,32.0,4.581006,1.092179,1312.0,3.664804,34.13,-117.9,1.361
1.5,5.0,3.620579,1.016077,819.0,2.633441,34.13,-117.9,1.398
4.0529,33.0,4.028497,0.935233,1571.0,4.069948,34.12,-117.9,1.382
3.3322,35.0,4.330317,0.877828,804.0,3.638009,34.12,-117.9,1.514
3.7846,41.0,4.515203,0.976351,2259.0,3.815878,34.12,-117.91,1.455
2.1667,23.0,4.023589,1.108677,4797.0,4.041281,34.11,-117.9,1.426
3.3625,31.0,5.077869,1.040984,929.0,3.807377,34.1,-117.94,1.534
3.0184,15.0,4.304982,1.078979,3131.0,3.804374,34.07,-117.98,1.394
3.2,20.0,4.40812,1.059829,1573.0,3.361111,34.07,-117.97,1.571
2.2679,39.0,3.240964,1.018072,1242.0,3.740964,34.08,-117.96,1.518
3.9741,28.0,5.082585,0.991023,2330.0,4.183124,34.08,-117.96,1.731
4.1172,37.0,5.256614,1.055556,1279.0,3.383598,34.07,-117.95,1.765
4.2062,35.0,4.797546,0.93865,499.0,3.06135,34.09,-117.93,1.613
4.1312,35.0,5.091787,0.985507,1257.0,3.036232,34.08,-117.92,1.852
3.9583,35.0,5.382812,1.0,379.0,2.960938,34.08,-117.93,2.06
2.9437,27.0,4.920471,1.072165,1762.0,2.594993,34.1,-117.89,1.804
3.9808,35.0,5.309963,0.9631,804.0,2.96679,34.07,-117.89,1.886
5.112,29.0,6.335283,1.015595,1382.0,2.693957,34.06,-117.91,2.183
3.7258,32.0,5.244737,1.021053,1385.0,3.644737,34.05,-117.96,1.819
3.5592,36.0,4.284431,1.05988,1367.0,4.092814,34.04,-117.94,1.602
3.871,27.0,5.404301,1.026882,3899.0,4.192473,34.02,-117.94,1.629
4.8854,30.0,5.280632,0.944664,905.0,3.577075,34.04,-117.93,1.781
3.7917,27.0,4.835227,1.082386,2091.0,5.940341,34.01,-117.9,1.311
3.9702,27.0,4.823887,0.955466,2079.0,4.208502,34.01,-117.9,1.414
2.625,21.0,4.801205,0.975904,484.0,2.915663,34.03,-117.98,1.911
3.443,18.0,4.731107,1.048037,5325.0,3.119508,33.99,-117.9,1.719
3.1979,32.0,4.516871,0.998466,2044.0,3.134969,34.02,-117.98,1.839
6.019,22.0,6.416961,0.95053,1968.0,3.477032,34.0,-117.98,3.249
7.0778,26.0,7.315098,0.995624,1429.0,3.126915,33.99,-117.98,3.343
4.5163,34.0,5.319923,1.034483,1954.0,3.743295,34.0,-117.96,1.838
5.7268,23.0,6.009009,1.027027,1560.0,2.810811,33.99,-117.97,3.003
2.5125,5.0,4.817473,1.109204,1415.0,2.207488,33.98,-117.89,1.845
2.1908,37.0,3.669903,0.893204,503.0,4.883495,34.05,-117.75,0.946
3.0417,24.0,4.534091,1.102273,1329.0,3.775568,34.14,-117.98,1.48
4.275,48.0,5.302469,1.03858,1540.0,2.376543,34.15,-118.0,2.568
9.4667,32.0,7.325758,1.037879,1558.0,2.950758,34.17,-118.02,5.00001
5.9582,38.0,6.453441,1.008097,633.0,2.562753,34.16,-118.04,3.507
9.8098,39.0,8.079882,1.08284,1034.0,3.059172,34.16,-118.03,5.00001
8.2004,32.0,8.249196,1.069132,1877.0,3.017685,34.15,-118.05,5.00001
3.6341,40.0,5.097041,1.086391,1769.0,2.093491,34.13,-118.06,3.915
4.5491,43.0,5.984848,1.045455,657.0,3.318182,34.12,-118.01,2.148
3.94,31.0,5.090385,1.036538,1473.0,2.832692,34.1,-118.03,2.239
7.1885,37.0,7.327586,1.017241,598.0,3.436782,34.11,-118.04,5.00001
3.55,20.0,6.138824,1.128235,2302.0,2.708235,34.12,-118.05,4.767
4.8017,39.0,5.669951,1.014778,1590.0,3.916256,34.1,-118.04,2.738
4.0179,42.0,5.136816,1.004975,1313.0,3.266169,34.1,-118.05,2.743
3.7222,34.0,4.546135,1.139651,1485.0,3.703242,34.09,-118.08,2.072
3.7066,32.0,4.279627,0.956059,2316.0,3.083888,34.09,-118.08,2.068
2.8029,29.0,3.773994,1.04644,1152.0,3.566563,34.09,-118.03,1.809
2.6071,28.0,4.765921,1.086059,2452.0,4.22031,34.08,-118.02,1.759
2.3611,52.0,2.36,0.786667,269.0,3.586667,34.07,-118.04,1.313
2.7254,25.0,3.796597,1.099768,4983.0,3.853828,34.08,-118.05,1.435
5.5418,36.0,5.847458,0.953995,1215.0,2.941889,34.17,-118.07,3.261
7.7108,39.0,6.846608,0.99115,880.0,2.59587,34.18,-118.1,4.5
2.4135,48.0,4.207407,1.074074,559.0,4.140741,34.18,-118.16,1.357
4.0714,42.0,5.843501,1.092838,1012.0,2.68435,34.19,-118.13,2.34
2.3967,38.0,4.278729,1.00489,1398.0,3.418093,34.19,-118.15,1.631
4.7241,46.0,5.375758,0.954545,753.0,2.281818,34.17,-118.1,2.796
3.6094,52.0,5.171014,1.066667,966.0,2.8,34.17,-118.13,2.615
4.1518,43.0,6.105263,1.08134,545.0,2.607656,34.16,-118.16,2.307
2.575,39.0,3.591203,1.086675,2546.0,3.293661,34.16,-118.14,1.535
2.6038,18.0,4.269231,1.223077,1095.0,2.807692,34.15,-118.13,1.556
3.4583,52.0,4.421569,0.895425,852.0,2.784314,34.16,-118.11,2.399
2.7431,14.0,4.204082,1.075802,782.0,2.279883,34.15,-118.1,1.775
6.4761,39.0,6.536232,0.960145,730.0,2.644928,34.16,-118.07,3.975
3.4087,45.0,4.679487,1.012821,672.0,2.871795,34.15,-118.07,2.092
3.875,27.0,3.620773,1.028986,755.0,1.823671,34.14,-118.15,2.583
10.7397,46.0,7.460993,1.016548,1109.0,2.621749,34.12,-118.13,5.00001
4.9167,16.0,4.55811,1.048531,1505.0,1.922095,34.13,-118.14,2.511
5.1072,49.0,5.989204,1.083671,1650.0,2.226721,34.13,-118.14,4.797
10.2317,52.0,7.656593,0.96978,1057.0,2.903846,34.11,-118.12,5.00001
7.8347,45.0,7.251834,1.01467,1231.0,3.00978,34.12,-118.09,5.00001
5.6152,38.0,5.98951,0.996503,779.0,2.723776,34.12,-118.09,3.599
4.6442,36.0,6.153527,1.093361,1231.0,2.553942,34.11,-118.09,3.168
5.2131,48.0,6.658307,1.0,785.0,2.460815,34.11,-118.12,3.596
2.7816,21.0,3.504537,1.076225,2773.0,2.516334,34.09,-118.13,1.882
7.4111,52.0,6.766382,1.051282,930.0,2.649573,34.11,-118.15,4.691
3.7895,52.0,5.705882,1.078431,704.0,2.300654,34.11,-118.15,3.648
6.0199,49.0,5.752412,0.926045,848.0,2.726688,34.12,-118.15,5.0
3.7235,48.0,4.662393,1.008547,632.0,2.700855,34.11,-118.16,2.636
8.058,25.0,6.815951,0.992331,1922.0,2.947853,34.1,-118.17,4.773
3.2307,25.0,3.757716,1.05787,3518.0,2.714506,34.09,-118.12,1.884
2.2214,42.0,3.729258,1.136827,1936.0,2.818049,34.09,-118.13,2.19
2.3462,36.0,4.272,0.984,949.0,3.796,34.09,-118.09,1.885
3.4375,34.0,4.409002,1.021526,1262.0,2.469667,34.1,-118.07,2.598
3.9219,38.0,4.770202,1.027778,1330.0,3.358586,34.08,-118.08,2.052
4.875,42.0,5.347985,1.058608,829.0,3.03663,34.09,-118.1,2.273
2.6884,24.0,3.637097,1.045161,3985.0,3.21371,34.08,-118.1,2.046
5.828,27.0,6.090909,0.996364,785.0,2.854545,34.06,-118.16,3.011
2.5321,35.0,4.196602,1.063107,1308.0,3.174757,34.06,-118.12,1.972
3.1892,25.0,4.037037,1.026455,1304.0,3.449735,34.06,-118.12,2.147
3.3088,39.0,4.568345,1.07554,1073.0,3.859712,34.07,-118.11,1.866
3.175,26.0,4.670588,1.070588,709.0,4.170588,34.07,-118.09,1.708
2.1944,33.0,4.131313,0.984848,664.0,3.353535,34.04,-118.15,2.033
5.2557,25.0,5.343373,0.962349,2653.0,3.995482,34.02,-118.06,1.888
2.9107,35.0,3.578313,1.03012,1373.0,4.135542,34.0,-118.08,1.509
3.045,36.0,5.140299,1.053731,1174.0,3.504478,34.0,-118.09,1.606
4.1458,35.0,4.674556,0.97929,1290.0,3.816568,34.0,-118.09,1.625
3.6875,36.0,5.327526,1.010453,1271.0,4.428571,33.99,-118.1,1.752
4.5478,45.0,5.884,1.02,670.0,2.68,33.99,-118.06,1.88
3.0,50.0,4.297357,1.008811,1362.0,3.0,33.98,-118.04,1.632
2.7578,46.0,4.47619,1.054422,880.0,1.995465,33.98,-118.03,2.368
2.3182,25.0,4.136054,1.130612,1580.0,2.14966,33.98,-118.04,1.821
4.6226,36.0,5.126238,0.985149,988.0,2.445545,33.96,-118.02,2.197
2.4607,32.0,4.287516,1.041614,3017.0,3.80454,33.97,-118.07,1.556
3.1607,37.0,4.523985,0.940959,1068.0,3.940959,33.98,-118.09,1.722
3.3942,36.0,3.811966,0.923077,410.0,3.504274,33.98,-118.11,1.472
3.9549,36.0,4.237895,0.915789,1476.0,3.107368,33.96,-118.1,1.921
4.369,34.0,4.96875,1.076389,1162.0,4.034722,33.96,-118.08,1.654
4.5306,36.0,4.620991,0.941691,1205.0,3.51312,33.93,-118.09,1.834
4.625,31.0,5.769697,1.015152,2430.0,3.681818,33.94,-118.04,1.739
5.2736,35.0,6.009732,1.012165,1386.0,3.372263,33.93,-118.03,1.795
3.4861,30.0,5.133733,1.03992,1564.0,3.121756,33.94,-118.03,1.772
3.4886,35.0,5.332481,1.023018,1112.0,2.84399,33.95,-118.02,1.739
3.9543,35.0,5.134122,0.95069,1305.0,2.573964,33.94,-118.0,2.144
4.9191,36.0,5.874618,1.006116,969.0,2.963303,33.94,-118.01,1.887
4.4118,31.0,4.606513,1.006784,1886.0,2.559023,33.93,-118.01,1.744
3.6028,33.0,5.06015,1.061224,2984.0,3.205156,33.93,-118.02,1.847
4.8523,36.0,5.620087,1.017467,779.0,3.401747,33.93,-117.99,1.758
5.0077,35.0,5.346667,1.02,445.0,2.966667,33.93,-118.0,1.85
3.75,37.0,5.71519,1.0,444.0,2.810127,33.94,-118.0,1.744
5.0384,35.0,6.22807,1.02924,574.0,3.356725,33.89,-118.0,2.008
4.2292,33.0,6.39375,1.021875,1018.0,3.18125,33.89,-118.01,2.128
5.5601,36.0,5.673709,0.988263,1276.0,2.995305,33.9,-118.02,2.052
3.2222,34.0,5.342365,1.029557,1169.0,2.87931,33.92,-118.02,2.187
5.125,36.0,5.419608,1.007843,685.0,2.686275,33.9,-118.01,2.117
3.5938,34.0,4.582633,1.002801,977.0,2.736695,33.9,-118.02,2.099
3.0529,25.0,5.057143,1.062857,1466.0,2.792381,34.02,-118.12,2.658
2.75,45.0,5.145669,1.114173,967.0,3.807087,34.02,-118.14,1.783
2.0536,44.0,2.766055,0.949541,588.0,2.697248,34.03,-118.15,1.864
2.4167,31.0,4.105263,1.020243,1064.0,4.307692,34.03,-118.17,1.255
3.5938,46.0,4.731544,1.120805,655.0,4.395973,34.04,-118.17,1.411
3.1528,35.0,4.15894,0.97351,2990.0,9.900662,34.05,-118.17,1.218
2.3125,37.0,3.897727,1.036364,2052.0,4.663636,34.06,-118.19,1.161
2.8295,38.0,4.506887,1.006887,3299.0,4.544077,34.05,-118.18,1.265
2.6964,29.0,5.059172,1.177515,785.0,4.64497,34.05,-118.19,1.222
2.8167,45.0,3.978166,1.039301,1005.0,4.388646,34.04,-118.17,1.14
3.375,39.0,4.352941,1.036199,999.0,4.520362,34.05,-118.17,1.26
1.1929,26.0,3.702586,1.099138,835.0,3.599138,34.03,-118.18,1.438
2.761,42.0,3.13879,1.039146,1248.0,4.441281,34.03,-118.17,1.2
2.3077,41.0,3.396985,1.085427,851.0,4.276382,34.02,-118.17,1.406
2.45,42.0,3.624521,1.042146,1191.0,4.563218,34.02,-118.17,1.32
1.9688,44.0,3.561404,1.093567,1175.0,3.435673,34.02,-118.16,1.739
1.4178,42.0,3.041758,1.006593,1825.0,4.010989,34.02,-118.14,1.455
3.0208,38.0,5.605664,1.054466,1568.0,3.416122,34.0,-118.11,1.937
2.8155,27.0,4.257353,1.027574,2012.0,3.698529,33.99,-118.12,1.768
2.25,36.0,3.25,0.972222,834.0,3.861111,34.01,-118.14,1.625
2.7045,15.0,4.616438,1.251142,899.0,4.105023,33.98,-118.22,1.906
4.5208,5.0,3.547739,1.020101,839.0,4.21608,33.99,-118.23,1.65
1.75,30.0,3.727273,1.082251,1062.0,4.597403,33.98,-118.24,1.154
2.0357,30.0,3.257851,1.066116,2650.0,4.380165,33.98,-118.22,1.699
2.5352,32.0,3.7173,1.036568,2784.0,3.915612,33.98,-118.22,1.844
2.3421,35.0,3.356299,1.029528,2252.0,4.433071,33.99,-118.2,1.542
2.0,32.0,3.741333,1.064,1506.0,4.016,33.98,-118.2,1.727
2.0057,34.0,3.977723,1.112624,3086.0,3.819307,33.97,-118.18,1.894
2.1731,38.0,4.469697,1.05303,620.0,4.69697,33.96,-118.14,1.438
2.3929,31.0,3.744505,1.175824,1897.0,5.211538,33.97,-118.16,1.911
2.2817,25.0,3.167147,1.024015,5027.0,4.829011,33.96,-118.17,1.642
2.6951,44.0,3.908962,1.01707,2962.0,4.213371,33.97,-118.23,1.693
2.1429,38.0,3.740406,1.054176,2033.0,4.589165,33.97,-118.24,1.185
1.1635,39.0,3.780899,1.067416,1520.0,4.269663,33.97,-118.25,1.087
1.6597,36.0,3.89011,0.989011,1136.0,4.161172,33.96,-118.23,1.091
3.0903,42.0,3.430769,0.913846,1412.0,4.344615,33.94,-118.22,1.535
4.0441,45.0,4.873995,1.093834,1705.0,4.571046,33.94,-118.2,1.575
2.4459,40.0,3.839655,1.024138,2244.0,3.868966,33.94,-118.21,1.438
3.3661,45.0,4.897906,0.971204,1315.0,3.442408,33.94,-118.19,1.608
2.5029,43.0,3.922921,1.036511,1895.0,3.843813,33.94,-118.2,1.597
3.5341,42.0,4.233766,0.99026,2062.0,3.347403,33.95,-118.18,1.675
1.9107,23.0,3.721495,1.091589,1380.0,2.579439,33.95,-118.17,1.819
2.6339,41.0,3.77533,0.885463,934.0,4.114537,33.93,-118.2,1.457
2.7679,39.0,6.103448,1.258621,184.0,3.172414,33.93,-118.21,1.089
4.4659,32.0,5.321622,1.072973,1349.0,3.645946,33.89,-118.27,1.381
1.9038,39.0,3.777344,1.0,903.0,3.527344,33.91,-118.26,0.931
1.4688,40.0,4.32,1.066667,761.0,3.382222,33.91,-118.24,0.882
1.875,38.0,4.65625,0.95,721.0,4.50625,33.91,-118.24,1.029
2.1734,34.0,4.622378,1.020979,742.0,5.188811,33.91,-118.23,0.882
1.5161,28.0,3.904863,1.057082,2263.0,4.784355,33.91,-118.22,1.032
3.1538,39.0,5.072464,1.048309,895.0,4.323671,33.92,-118.2,1.556
3.305,35.0,3.630952,0.956349,1153.0,4.575397,33.92,-118.19,1.158
2.8793,36.0,4.941558,1.080087,1836.0,3.974026,33.91,-118.2,1.181
2.1782,29.0,5.326146,1.196765,1254.0,3.380054,33.88,-118.21,1.268
2.1211,26.0,4.508475,1.271186,252.0,4.271186,33.89,-118.22,1.381
2.7434,37.0,4.801205,1.144578,485.0,2.921687,33.89,-118.22,0.952
2.9643,37.0,5.316327,1.086735,699.0,3.566327,33.89,-118.25,1.032
3.3095,36.0,5.473118,1.107527,1154.0,4.136201,33.89,-118.25,1.055
5.542,24.0,6.83572,1.006029,4558.0,3.434815,33.85,-118.26,1.975
3.5,33.0,4.48,1.04,843.0,4.215,33.84,-118.29,1.83
4.35,28.0,5.016317,0.967366,1623.0,3.783217,33.83,-118.27,2.005
4.0219,35.0,4.204461,1.01487,1007.0,3.743494,33.84,-118.22,1.683
3.9091,44.0,5.005587,1.128492,1115.0,3.114525,33.83,-118.22,1.744
4.5382,39.0,4.972561,0.981707,1034.0,3.152439,33.92,-118.08,1.657
5.752,35.0,5.728571,1.0,802.0,2.864286,33.95,-118.12,2.91
6.0723,34.0,6.143777,0.967811,1243.0,2.667382,33.96,-118.12,2.972
4.6992,36.0,6.588015,1.104869,837.0,3.134831,33.97,-118.13,2.519
4.5625,35.0,6.0,1.0,706.0,2.824,33.96,-118.13,2.535
5.4042,34.0,5.945205,1.017123,823.0,2.818493,33.97,-118.13,2.416
3.1104,24.0,3.839769,1.067435,3792.0,2.185591,33.95,-118.13,2.3
3.8427,35.0,5.471311,1.010246,1196.0,2.45082,33.93,-118.11,2.835
3.1496,34.0,4.348361,1.059426,1578.0,3.233607,33.93,-118.13,1.919
2.6862,19.0,3.966814,0.988938,1222.0,2.70354,33.93,-118.13,1.958
2.7875,35.0,4.483713,1.143322,1592.0,2.592834,33.95,-118.15,2.09
3.6917,35.0,6.047809,1.111554,857.0,3.414343,33.91,-118.12,1.975
4.875,40.0,5.181818,1.010101,399.0,4.030303,33.91,-118.1,1.676
4.7813,35.0,4.678862,1.00813,809.0,3.288618,33.9,-118.1,1.6
3.1957,29.0,4.355839,1.040146,1978.0,3.609489,33.91,-118.07,1.592
4.6406,45.0,5.27003,1.047478,1180.0,3.501484,33.9,-118.07,1.692
4.4167,40.0,4.973545,0.997354,1229.0,3.251323,33.9,-118.1,1.746
3.7321,41.0,4.659218,0.927374,603.0,3.368715,33.89,-118.08,1.675
3.099,27.0,4.191122,1.087546,2465.0,3.039457,33.89,-118.09,1.666
3.3182,35.0,3.904762,0.789116,610.0,4.14966,33.91,-118.15,1.333
3.1507,6.0,4.838483,1.189607,2467.0,3.464888,33.91,-118.16,1.44
2.7292,32.0,3.722488,1.086124,933.0,4.464115,33.9,-118.18,1.438
1.7344,6.0,3.398357,1.100616,1201.0,2.466119,33.89,-118.16,1.458
3.1923,40.0,4.308824,1.049632,1305.0,2.398897,33.88,-118.12,1.919
4.0911,19.0,4.802099,1.061469,1761.0,2.64018,33.88,-118.11,2.397
5.748,16.0,6.091358,1.018519,2668.0,3.293827,33.88,-118.07,2.842
6.5513,16.0,6.774684,0.989873,1377.0,3.486076,33.86,-118.05,3.504
4.8448,31.0,5.254973,1.045208,1806.0,3.265823,33.84,-118.08,1.946
4.54,23.0,5.347879,1.10303,2380.0,2.884848,33.84,-118.09,2.131
3.0114,33.0,4.668094,1.117773,1634.0,3.498929,33.88,-118.16,1.67
4.7361,44.0,5.518987,1.126582,783.0,3.303797,33.88,-118.18,1.677
3.225,32.0,4.305714,1.082857,1082.0,3.091429,33.88,-118.21,1.382
2.375,39.0,4.556075,1.140187,1702.0,2.65109,33.86,-118.18,1.608
2.7268,30.0,4.196907,1.1,2144.0,2.210309,33.85,-118.15,2.181
5.1805,37.0,5.469734,1.029056,1183.0,2.864407,33.86,-118.13,2.016
4.9904,36.0,6.004367,1.063319,1386.0,3.026201,33.86,-118.11,2.217
4.3661,37.0,5.372141,0.941788,1333.0,2.77131,33.85,-118.12,2.199
4.2917,44.0,4.97093,0.968023,786.0,2.284884,33.83,-118.13,3.147
4.4286,44.0,5.01318,1.019769,1316.0,2.16804,33.84,-118.14,2.549
3.8819,44.0,4.395349,1.081395,1378.0,3.204651,33.85,-118.18,1.432
6.4468,43.0,5.948198,0.925676,1011.0,2.277027,33.83,-118.19,4.442
4.1301,52.0,5.696231,1.073171,1030.0,2.283814,33.83,-118.18,2.684
2.8438,34.0,4.620968,1.069892,1444.0,3.88172,33.82,-118.21,1.393
2.1397,32.0,3.594306,1.090747,2557.0,4.549822,33.79,-118.21,1.453
1.55,36.0,3.149502,1.006645,1042.0,3.461794,33.79,-118.17,1.0
5.1806,9.0,4.416357,1.034696,1530.0,1.895911,33.8,-118.16,1.75
5.0424,45.0,5.540351,0.975439,687.0,2.410526,33.83,-118.12,2.259
3.2794,42.0,5.59176,1.037453,671.0,2.513109,33.82,-118.12,2.245
5.3735,36.0,5.681818,0.974432,956.0,2.715909,33.83,-118.1,2.344
7.1937,36.0,5.778462,0.993846,846.0,2.603077,33.81,-118.09,2.544
4.3203,37.0,5.565826,0.971989,1095.0,3.067227,33.82,-118.11,2.328
4.325,37.0,5.07438,0.979339,572.0,2.363636,33.81,-118.13,2.239
3.7321,36.0,5.9375,1.017857,273.0,2.4375,33.82,-118.13,2.237
4.0893,41.0,4.805732,1.035032,821.0,2.61465,33.8,-118.13,2.23
3.1042,44.0,5.069892,1.072581,1167.0,3.137097,33.8,-118.15,2.198
4.6875,36.0,5.663265,0.989796,721.0,2.452381,33.81,-118.12,2.507
5.62,36.0,6.228571,1.031746,786.0,2.495238,33.81,-118.1,2.396
5.0574,37.0,5.530488,1.003049,850.0,2.591463,33.8,-118.1,2.408
5.7389,35.0,6.010767,0.995962,2134.0,2.87214,33.78,-118.1,2.518
3.0453,25.0,4.141383,1.132095,2297.0,2.370485,33.79,-118.15,1.859
2.4,25.0,3.520226,1.110066,3916.0,3.683913,33.79,-118.16,1.537
2.375,32.0,3.350309,1.037037,3002.0,4.632716,33.79,-118.17,1.397
2.1964,44.0,4.033333,0.966667,153.0,5.1,33.79,-118.21,1.5
1.8036,42.0,5.459893,1.604278,533.0,2.850267,33.78,-118.19,1.75
2.2808,12.0,3.493661,1.110143,3068.0,2.431062,33.77,-118.17,1.547
1.1295,29.0,3.639344,1.241803,1391.0,2.85041,33.77,-118.18,1.375
2.3317,39.0,3.97561,1.058537,2470.0,2.409756,33.78,-118.16,2.225
7.5,45.0,6.233129,1.055215,361.0,2.214724,33.78,-118.13,4.345
3.901,37.0,5.154213,1.109698,1080.0,1.717011,33.76,-118.14,4.325
3.5214,50.0,4.122563,1.059889,1179.0,1.642061,33.76,-118.14,3.981
4.7361,50.0,5.539394,1.012121,322.0,1.951515,33.76,-118.14,4.188
3.9934,41.0,5.004831,1.18599,742.0,1.792271,33.75,-118.12,5.00001
10.2233,10.0,6.87228,1.075686,2528.0,2.391675,33.77,-118.12,5.00001
5.3046,37.0,5.028802,1.06682,1661.0,1.913594,33.77,-118.13,3.607
3.3906,52.0,7.385417,1.777778,733.0,2.545139,33.33,-118.32,3.0
2.6042,29.0,4.138728,1.236994,422.0,2.439306,33.43,-118.48,2.875
3.6583,44.0,5.534328,1.095522,976.0,2.913433,33.94,-118.31,1.267
4.9464,43.0,6.216949,0.989831,997.0,3.379661,33.93,-118.31,1.503
4.5368,37.0,5.720251,1.052192,1468.0,3.064718,33.94,-118.32,1.688
6.0718,38.0,5.831933,0.941176,412.0,3.462185,33.93,-118.33,1.56
4.6389,38.0,6.313609,1.005917,499.0,2.952663,33.94,-118.32,1.838
5.0912,44.0,6.457576,1.090909,1040.0,3.151515,33.95,-118.32,1.698
3.3214,47.0,4.912879,1.106061,704.0,2.666667,33.96,-118.32,1.665
3.5833,39.0,5.279221,1.201299,344.0,2.233766,33.98,-118.36,2.188
3.4063,33.0,3.756,1.136,1309.0,5.236,33.94,-118.36,1.523
1.7344,35.0,4.449153,1.067797,918.0,3.889831,33.93,-118.35,1.469
2.8462,35.0,3.454762,1.035714,1888.0,4.495238,33.94,-118.35,1.491
3.3125,42.0,3.938697,1.065134,1369.0,5.245211,33.94,-118.35,1.446
2.8958,10.0,3.553571,0.732143,61.0,1.089286,33.93,-118.37,2.458
4.9688,36.0,5.456853,1.0,509.0,2.583756,33.92,-118.37,2.389
5.5255,40.0,5.016216,1.010811,521.0,2.816216,33.92,-118.37,2.427
3.8,41.0,4.773893,1.02331,1191.0,2.776224,33.91,-118.36,2.225
4.74,42.0,5.105541,1.023747,1136.0,2.997361,33.9,-118.36,2.3
3.9485,32.0,4.571429,0.974026,565.0,2.445887,33.9,-118.35,2.3
2.6689,12.0,2.929515,1.068429,7429.0,2.181791,33.91,-118.34,1.923
5.3292,34.0,5.540323,0.967742,906.0,3.653226,33.92,-118.29,1.555
2.6312,28.0,4.169312,1.058201,891.0,2.357143,33.9,-118.31,1.713
4.1458,35.0,5.141487,1.014388,1192.0,2.858513,33.89,-118.31,2.315
5.1669,44.0,5.220884,1.012048,695.0,2.791165,33.89,-118.32,2.206
2.8777,13.0,3.60875,1.06625,2197.0,2.74625,33.9,-118.35,2.079
3.6486,29.0,4.298246,1.035088,2175.0,3.179825,33.89,-118.35,2.29
3.0833,25.0,4.272947,1.062802,1371.0,3.311594,33.89,-118.35,2.327
5.9499,25.0,5.134276,0.957597,695.0,2.45583,33.92,-118.4,3.458
5.0596,38.0,5.376414,1.009693,1455.0,2.350565,33.93,-118.41,3.639
5.2338,38.0,5.748,1.088,590.0,2.36,33.92,-118.41,3.58
5.0594,41.0,5.851986,1.00722,756.0,2.729242,33.92,-118.42,3.46
8.468,39.0,6.081579,1.063158,1044.0,2.747368,33.9,-118.41,4.721
9.0812,35.0,4.047458,0.989831,507.0,1.718644,33.89,-118.41,5.00001
7.9611,31.0,6.147059,1.033613,1149.0,2.413866,33.89,-118.4,5.00001
5.5335,21.0,6.113924,1.088608,417.0,2.639241,33.88,-118.37,3.426
6.5755,23.0,5.13764,0.929775,891.0,2.502809,33.87,-118.37,3.599
7.521,19.0,5.804921,1.026362,1329.0,2.335677,33.87,-118.39,3.404
8.0015,35.0,5.408163,0.97449,444.0,2.265306,33.88,-118.4,5.00001
6.3231,45.0,4.434322,1.052966,842.0,1.783898,33.87,-118.4,5.00001
5.1677,18.0,4.144811,1.09815,2286.0,1.839099,33.86,-118.4,3.808
4.9384,28.0,5.00565,1.048588,2131.0,2.40791,33.85,-118.38,3.781
4.6048,34.0,3.679443,1.069686,946.0,1.648084,33.82,-118.43,5.00001
5.7422,37.0,5.836449,1.018692,583.0,2.724299,33.86,-118.36,3.307
6.1599,34.0,5.833333,0.975845,1278.0,3.086957,33.85,-118.37,3.412
3.703,22.0,3.881607,1.116984,6664.0,2.348132,33.84,-118.36,3.613
5.3773,27.0,5.836331,1.088129,1572.0,2.827338,33.84,-118.37,3.79
5.6013,35.0,5.771429,0.993878,1439.0,2.936735,33.83,-118.36,3.502
5.5023,5.0,5.167658,1.061831,5272.0,2.089576,33.83,-118.33,2.864
5.0814,25.0,5.294043,1.054499,2123.0,2.690748,33.8,-118.34,4.468
5.878,39.0,6.335601,1.006803,1319.0,2.99093,33.82,-118.37,3.878
6.0176,36.0,5.808962,1.054245,1125.0,2.653302,33.82,-118.37,3.527
8.5491,20.0,6.763699,1.047945,703.0,2.407534,33.81,-118.38,4.103
15.0001,34.0,8.783019,1.059748,1871.0,2.941824,33.76,-118.34,5.00001
2.6,36.0,3.7669,1.083916,773.0,1.801865,34.09,-118.36,3.136
15.0001,27.0,7.651923,0.980769,1351.0,2.598077,34.1,-118.4,5.00001
15.0001,45.0,10.370656,1.092664,857.0,3.30888,34.09,-118.4,5.00001
15.0001,52.0,9.867036,1.091413,1163.0,3.221607,34.07,-118.41,5.00001
5.3316,37.0,4.54893,1.077982,1291.0,1.974006,34.06,-118.39,5.00001
8.2961,52.0,6.588028,1.147887,646.0,2.274648,34.06,-118.4,5.00001
13.3036,50.0,7.660767,1.00295,964.0,2.843658,34.04,-118.49,5.00001
8.3839,52.0,8.061372,1.144404,769.0,2.776173,34.04,-118.5,5.00001
3.8571,37.0,4.411701,0.980498,1468.0,1.590466,34.03,-118.51,5.00001
3.3266,28.0,3.52102,1.021365,2313.0,1.594073,34.02,-118.5,4.833
3.6769,31.0,4.234899,1.084564,1208.0,1.621477,34.03,-118.49,4.5
2.5261,22.0,2.596674,1.004158,1106.0,2.299376,34.02,-118.48,3.75
3.2061,41.0,3.868263,1.112275,1058.0,1.583832,34.0,-118.48,3.7
2.7254,41.0,3.834829,0.985637,986.0,1.770197,34.02,-118.47,4.444
3.4583,41.0,4.582946,1.085271,1212.0,1.87907,34.02,-118.45,4.219
3.5909,38.0,4.263066,1.108014,1312.0,2.285714,34.02,-118.39,2.794
5.2035,40.0,5.839552,1.003731,826.0,3.08209,34.0,-118.39,4.857
4.85,34.0,5.356932,0.988201,872.0,2.572271,34.0,-118.4,3.294
5.4663,36.0,5.396476,0.938326,591.0,2.603524,33.99,-118.4,3.267
4.7031,43.0,3.891051,1.029183,1290.0,2.509728,34.01,-118.41,3.025
2.8797,33.0,3.577922,1.054113,2475.0,2.678571,34.01,-118.41,2.853
6.4504,35.0,5.242888,1.032823,1054.0,2.306346,34.11,-118.59,4.07
5.8735,35.0,5.811639,1.056662,1521.0,2.32925,34.11,-118.63,4.481
8.0137,9.0,7.734673,1.041211,12873.0,3.274739,34.16,-118.78,3.992
5.3749,16.0,7.783641,1.021108,1228.0,3.240106,34.17,-118.75,3.461
8.0144,16.0,8.19186,1.418605,970.0,5.639535,34.07,-118.86,5.00001
8.4476,21.0,7.53831,1.13556,1509.0,2.964637,34.04,-118.85,5.00001
6.83,28.0,6.748744,1.080402,487.0,2.447236,34.05,-118.78,5.00001
3.8803,6.0,5.762493,1.046603,6163.0,3.460415,34.58,-117.78,1.2
4.025,28.0,5.933884,1.024793,347.0,2.867769,34.68,-118.13,1.026
2.67,33.0,6.147887,1.246479,425.0,2.992958,34.65,-118.1,1.875
4.9806,5.0,7.257183,1.15417,4562.0,3.196917,34.7,-118.1,1.411
1.1296,34.0,4.356502,1.121076,1078.0,2.41704,34.7,-118.13,0.938
2.8194,33.0,6.275401,1.23262,1482.0,3.962567,34.71,-118.14,0.93
3.2699,34.0,4.828859,1.097315,708.0,2.375839,34.69,-118.14,1.0
3.9963,33.0,5.671975,1.038217,913.0,2.907643,34.65,-118.19,1.268
3.6382,25.0,7.772189,1.14497,1059.0,3.133136,34.66,-118.23,1.382
3.2125,19.0,5.207547,1.216981,314.0,2.962264,34.68,-118.27,1.854
3.3173,18.0,5.645373,1.123669,2837.0,2.323505,34.65,-118.29,2.184
2.7396,7.0,6.548077,1.201923,485.0,4.663462,34.59,-117.92,1.256
2.3958,33.0,4.941309,1.121896,1459.0,3.293454,34.6,-118.12,0.945
5.9508,16.0,6.039906,1.002347,1273.0,2.988263,34.64,-118.21,1.811
3.275,32.0,5.576779,1.146067,774.0,2.898876,34.58,-118.1,1.035
4.071,2.0,6.281395,1.232558,1368.0,3.181395,34.55,-118.01,1.374
6.1281,5.0,6.6125,1.089224,7270.0,3.133621,34.46,-118.52,2.362
6.8299,18.0,6.390244,0.942073,1044.0,3.182927,34.38,-118.54,2.621
5.6798,4.0,6.395641,1.190986,6902.0,2.549686,34.41,-118.56,3.209
1.9875,52.0,3.1875,0.90625,54.0,1.6875,34.32,-118.35,1.917
2.3482,26.0,20.336683,3.527638,571.0,2.869347,37.34,-119.53,1.795
3.5446,19.0,6.804574,1.27027,1164.0,2.419958,37.39,-119.59,1.065
2.7813,10.0,5.304786,1.032746,1003.0,2.526448,37.39,-119.66,1.241
2.2375,19.0,4.742105,0.963158,700.0,3.684211,36.94,-120.06,0.643
4.1544,16.0,6.405567,1.015905,1425.0,2.833002,36.95,-120.09,1.194
7.5,9.0,6.852632,0.931579,682.0,3.589474,38.15,-122.58,4.232
5.3962,23.0,6.897047,1.032721,3594.0,2.868316,38.11,-122.6,3.015
6.7232,5.0,7.437811,1.169154,555.0,2.761194,38.07,-122.55,3.45
4.6,21.0,5.386935,1.005025,840.0,2.110553,38.01,-122.56,2.395
6.4978,27.0,6.718329,0.958221,1928.0,2.598383,38.02,-122.55,3.615
2.8903,31.0,4.477459,1.073087,2962.0,2.023224,37.98,-122.52,3.242
3.293,31.0,4.788679,1.041509,1581.0,1.988679,37.98,-122.55,3.375
1.9063,52.0,1.55303,0.901515,228.0,1.727273,37.97,-122.53,2.0
2.6036,44.0,3.950549,1.047253,1831.0,2.012088,37.97,-122.53,2.875
3.9712,16.0,4.62454,1.029448,1986.0,2.43681,37.95,-122.47,1.875
4.9674,45.0,6.01,1.0625,926.0,2.315,37.99,-122.57,3.201
4.1711,38.0,5.440117,0.969815,2466.0,2.401168,37.99,-122.57,3.369
10.6272,36.0,8.394191,1.004149,653.0,2.709544,37.94,-122.56,5.00001
9.5551,29.0,5.626866,0.865672,151.0,2.253731,37.96,-122.64,5.00001
7.8904,33.0,7.082803,1.004777,1675.0,2.667197,37.95,-122.52,4.688
8.3935,36.0,7.004792,0.990415,1549.0,2.474441,37.96,-122.53,4.705
5.5385,43.0,6.972093,1.093023,970.0,2.255814,37.93,-122.54,4.318
14.5833,24.0,5.613333,0.853333,163.0,2.173333,37.92,-122.52,5.00001
6.641,2.0,5.483051,1.152542,203.0,1.720339,37.91,-122.51,3.1
4.4375,48.0,5.474725,1.010989,937.0,2.059341,37.9,-122.54,3.7
5.5951,30.0,5.920567,1.048227,1818.0,2.578723,37.91,-122.52,4.029
8.9248,37.0,6.463087,0.973154,721.0,2.419463,37.92,-122.56,5.00001
2.862,21.0,4.248096,1.066376,1949.0,2.120783,37.87,-122.51,2.584
2.9145,19.0,3.527473,1.086081,881.0,1.613553,37.85,-122.47,1.404
4.3194,43.0,6.200717,1.168459,629.0,2.25448,37.91,-122.69,2.387
1.398,14.0,5.654224,1.212181,1011.0,1.986248,37.51,-119.99,1.038
1.5,32.0,4.950943,1.188679,600.0,2.264151,37.47,-119.95,0.915
3.1771,15.0,6.549669,1.218543,406.0,2.688742,37.5,-119.8,1.219
3.5391,30.0,5.229469,1.294686,1500.0,3.623188,37.75,-119.55,0.559
2.8833,19.0,6.75,1.348684,424.0,2.789474,39.31,-123.15,1.542
2.5875,17.0,5.381188,1.257426,522.0,2.584158,39.25,-123.36,1.445
2.125,18.0,4.5,1.018519,115.0,2.12963,39.23,-123.18,1.75
3.5917,22.0,5.410526,1.021053,821.0,2.880702,39.21,-123.19,1.188
3.1563,17.0,6.095385,1.141538,773.0,2.378462,39.34,-123.81,2.77
3.4063,28.0,5.488372,1.139535,812.0,3.147287,38.99,-123.39,1.094
2.6275,17.0,4.746575,0.986301,1501.0,2.570205,39.18,-123.21,1.421
2.631,29.0,5.148024,1.027754,3595.0,3.023549,39.16,-123.22,1.096
1.8042,17.0,4.06015,0.992481,878.0,2.200501,39.14,-123.2,1.092
2.6058,40.0,3.885714,0.914286,785.0,4.485714,37.39,-120.71,0.727
2.6214,7.0,5.491089,1.049505,1374.0,2.720792,37.4,-120.84,1.038
3.7784,32.0,5.975207,1.076446,1580.0,3.264463,37.43,-120.84,1.645
2.6908,24.0,5.855204,1.004525,684.0,3.095023,37.37,-120.88,1.031
2.567,21.0,5.091935,1.027419,2268.0,3.658065,37.38,-120.64,0.704
3.2656,15.0,5.242792,1.106222,2014.0,3.056146,37.36,-120.62,0.835
1.5427,49.0,4.298969,1.05891,1956.0,2.880707,37.3,-120.48,0.885
1.2054,16.0,3.34375,0.991071,1277.0,5.700893,37.29,-120.47,0.609
1.7062,45.0,4.943503,1.048023,847.0,2.392655,37.26,-121.0,0.774
2.0216,17.0,4.581967,1.106557,560.0,2.295082,37.09,-121.02,1.125
2.5074,33.0,5.665441,1.150735,880.0,3.235294,36.94,-121.02,1.177
4.1779,3.0,7.461874,1.331155,1588.0,3.459695,37.08,-120.85,1.478
2.1434,42.0,6.631818,1.309091,1182.0,2.686364,41.78,-121.16,0.44
2.35,14.0,5.34188,1.162393,721.0,3.081197,38.51,-119.54,0.957
3.5469,15.0,5.829412,1.629412,419.0,2.464706,38.03,-118.98,0.825
2.35,15.0,6.337176,1.305476,899.0,2.590778,37.7,-118.45,1.078
4.2381,11.0,11.402899,2.02029,901.0,2.611594,37.64,-118.96,2.427
2.7367,21.0,4.10839,1.047942,4907.0,2.557061,36.69,-121.65,1.603
2.8942,45.0,4.456098,0.995122,1507.0,3.67561,36.67,-121.62,1.29
0.9914,10.0,3.63745,1.055777,508.0,2.023904,36.68,-121.66,1.475
5.0,26.0,5.768072,1.021084,2780.0,2.791165,36.67,-121.68,2.023
3.7766,19.0,5.138211,1.126016,2332.0,4.739837,36.88,-121.71,1.77
3.2969,18.0,5.526462,1.05571,1078.0,3.002786,36.81,-121.72,2.299
4.1696,30.0,6.083333,1.027778,1372.0,3.175926,36.74,-121.64,1.75
3.2652,12.0,4.39936,1.027447,12153.0,2.779735,36.72,-121.68,1.528
3.6286,52.0,5.59144,1.159533,836.0,3.252918,36.63,-121.62,1.655
6.1551,11.0,7.256158,1.030788,2327.0,2.865764,36.58,-121.67,2.918
7.6245,21.0,6.663823,0.994881,1528.0,2.607509,36.55,-121.7,3.366
2.8775,13.0,4.685864,1.08377,2474.0,4.317627,36.57,-121.42,1.341
5.6383,27.0,6.458418,1.054767,1121.0,2.273834,36.5,-121.73,3.77
3.1929,27.0,4.122905,0.98324,1156.0,3.22905,36.21,-121.13,1.379
3.0526,28.0,8.130769,1.915385,288.0,2.215385,36.16,-121.39,1.469
3.2375,25.0,3.392523,1.280374,411.0,1.920561,36.14,-121.62,4.5
3.7614,52.0,5.440217,1.038043,425.0,2.309783,36.62,-121.92,2.417
3.0379,47.0,4.829333,1.069333,948.0,2.528,36.62,-121.92,2.493
3.4327,52.0,5.126761,1.133803,313.0,2.204225,36.62,-121.92,2.545
3.3333,30.0,4.670968,1.077419,325.0,2.096774,36.62,-121.91,2.479
3.2952,30.0,4.972924,1.077617,1519.0,2.741877,36.61,-121.91,2.346
5.5519,35.0,6.416256,1.009852,1110.0,2.73399,36.6,-121.91,3.295
4.3269,34.0,5.534483,1.053161,1661.0,2.386494,36.59,-121.84,2.213
3.0,18.0,4.542615,1.035998,6071.0,3.21387,36.68,-121.8,1.622
3.6042,21.0,5.619883,1.005848,1051.0,3.073099,38.33,-122.31,1.833
3.9,25.0,5.744083,1.094675,1641.0,2.427515,38.3,-122.31,1.873
5.3351,14.0,7.714597,1.087146,1577.0,3.43573,38.29,-122.33,2.699
4.4861,35.0,7.033149,1.160221,555.0,3.066298,38.28,-122.21,2.693
4.2955,34.0,5.720588,1.007353,406.0,2.985294,38.17,-122.25,1.213
2.9375,17.0,5.021396,1.063063,1812.0,2.040541,38.16,-122.25,1.067
4.0337,23.0,6.094421,1.053648,1586.0,3.403433,38.16,-122.26,1.304
3.5781,33.0,6.641509,1.287736,520.0,2.45283,38.34,-122.4,2.425
5.5368,31.0,6.405959,1.068901,1538.0,2.86406,38.33,-122.23,3.259
3.6429,26.0,5.836111,1.083333,2171.0,6.030556,38.57,-122.44,1.597
2.5887,13.0,5.311005,1.033493,602.0,2.880383,39.08,-121.1,1.444
4.0848,8.0,6.350394,1.091864,1977.0,2.594488,39.13,-121.07,1.559
3.9185,12.0,6.625442,1.084806,806.0,2.848057,39.05,-121.03,1.952
5.0389,13.0,5.070093,1.060748,629.0,2.939252,39.1,-121.14,1.715
4.0333,10.0,4.857143,1.021429,354.0,2.528571,39.15,-121.1,1.615
3.7426,19.0,6.129288,1.047493,963.0,2.540897,39.18,-121.08,1.627
5.2359,9.0,6.703349,1.069378,955.0,2.284689,39.23,-121.2,2.133
3.1042,14.0,5.437838,1.010811,462.0,2.497297,39.18,-121.16,1.52
2.7813,35.0,5.49375,1.064583,1181.0,2.460417,39.23,-121.09,1.092
3.6607,23.0,6.296296,1.128395,1016.0,2.508642,39.18,-120.99,1.53
2.4283,49.0,6.169967,1.252475,1422.0,2.346535,39.26,-121.03,1.431
3.4028,14.0,5.614458,0.996988,894.0,2.692771,39.29,-121.06,1.718
3.1842,9.0,24.9,5.045455,294.0,2.672727,39.34,-120.25,1.625
5.5608,34.0,6.089552,0.981343,690.0,2.574627,33.94,-117.97,2.558
4.0893,35.0,5.26776,0.983607,1056.0,2.885246,33.94,-117.97,2.157
2.6123,37.0,4.179365,1.0,1904.0,3.022222,33.93,-117.95,1.613
3.6106,18.0,4.393468,1.026439,1590.0,2.472784,33.92,-117.95,1.536
4.3426,11.0,4.505764,1.017291,1594.0,2.29683,33.92,-117.95,1.413
5.1084,25.0,6.487026,1.08982,1452.0,2.898204,33.94,-117.94,3.038
2.2156,26.0,3.773077,1.038462,1236.0,2.376923,33.94,-117.94,1.45
5.583,27.0,6.876506,0.933735,2045.0,3.079819,33.94,-117.92,2.677
4.7222,21.0,5.428571,1.3,398.0,5.685714,33.92,-117.91,2.083
2.3935,14.0,4.762195,1.137195,609.0,1.856707,33.92,-117.89,1.25
6.5284,16.0,6.309735,0.955752,652.0,2.884956,33.9,-117.89,2.887
4.9743,19.0,5.412935,1.029851,1002.0,2.492537,33.9,-117.9,1.935
6.5635,10.0,6.982709,1.025937,1213.0,3.495677,33.9,-117.96,3.469
4.0288,35.0,5.333333,0.986842,893.0,3.916667,33.86,-117.93,1.84
2.1991,44.0,3.08,0.87,301.0,3.01,33.87,-117.92,1.911
7.875,30.0,7.550926,0.981481,523.0,2.421296,33.89,-117.91,3.519
3.4338,34.0,4.719064,0.976589,1040.0,3.478261,33.87,-117.9,1.952
3.3594,32.0,4.969298,0.947368,693.0,3.039474,33.87,-117.89,2.021
3.0465,32.0,4.064767,1.093264,835.0,2.163212,33.87,-117.89,1.489
2.6563,36.0,3.072607,0.920792,778.0,2.567657,33.86,-117.93,1.55
5.5867,35.0,5.350575,1.04023,516.0,2.965517,33.86,-117.93,1.825
3.3008,28.0,3.853591,1.099448,1220.0,3.370166,33.86,-117.89,1.938
3.6417,28.0,4.639432,1.069272,1682.0,2.987567,33.88,-117.87,2.043
4.6806,18.0,4.633803,1.014085,209.0,2.943662,33.86,-117.85,1.875
3.1534,19.0,5.352518,1.074341,1149.0,2.755396,33.86,-117.87,3.244
6.0132,23.0,6.815562,1.023055,1209.0,3.48415,33.88,-117.83,2.594
3.5625,18.0,5.782609,1.26087,95.0,4.130435,33.86,-117.81,2.35
5.3307,16.0,6.005353,1.019272,2624.0,2.809422,33.87,-117.78,1.696
6.057,21.0,6.674359,1.035897,1350.0,3.461538,33.85,-117.82,2.359
6.1504,16.0,6.935229,1.042654,2146.0,3.390205,33.86,-117.78,2.66
6.67,11.0,6.495068,0.998767,4409.0,2.718249,33.8,-117.79,2.832
8.2375,14.0,8.916364,1.076364,954.0,3.469091,33.83,-117.75,3.883
6.925,18.0,7.902004,1.055679,1506.0,3.35412,33.78,-117.8,2.903
6.2899,15.0,6.96144,1.053985,1140.0,2.930591,33.62,-117.65,2.75
3.4115,16.0,5.408719,1.050409,1202.0,1.637602,33.62,-117.64,1.848
4.7981,16.0,6.408537,1.067073,1003.0,3.057927,33.54,-117.67,1.708
3.7609,6.0,4.446479,1.015493,1695.0,2.387324,33.55,-117.67,2.223
11.0567,5.0,9.636036,1.187387,1862.0,3.354955,33.6,-117.58,4.954
10.9704,6.0,10.55814,2.372093,213.0,4.953488,33.69,-117.53,4.833
6.3401,7.0,7.269631,1.029328,2812.0,2.66036,33.46,-117.63,3.873
5.1024,28.0,5.210744,0.96281,609.0,2.516529,33.46,-117.66,3.127
6.3369,4.0,4.863732,0.849057,1408.0,2.951782,33.47,-117.63,2.56
10.3953,8.0,8.225071,1.0,1176.0,3.350427,33.58,-117.69,5.00001
8.163,10.0,6.0,1.0,128.0,2.098361,33.49,-117.67,2.5
8.3275,4.0,7.875,0.982143,705.0,3.147321,33.55,-117.69,3.842
7.1736,12.0,6.289003,0.997442,1054.0,2.695652,33.55,-117.7,2.621
7.3878,15.0,7.6875,1.15,962.0,3.00625,33.54,-117.71,3.183
4.877,6.0,4.782552,1.147135,1846.0,2.403646,33.57,-117.71,1.443
5.5507,17.0,6.539024,1.107317,830.0,2.02439,33.47,-117.71,3.457
7.9125,12.0,6.845238,0.97619,2042.0,3.472789,33.7,-117.76,3.449
5.8399,16.0,5.589286,0.978571,950.0,3.392857,33.63,-117.71,2.206
3.4261,16.0,5.160377,1.113208,945.0,2.971698,33.63,-117.71,2.197
4.7341,4.0,5.274754,1.130638,4762.0,2.468637,33.66,-117.67,2.374
6.5069,4.0,6.0629,1.034115,2677.0,2.853945,33.68,-117.64,2.434
4.821,16.0,5.121331,0.990215,1317.0,2.577299,33.72,-117.8,2.014
5.2124,9.0,5.329932,1.017007,675.0,2.295918,33.67,-117.81,1.996
4.6793,14.0,5.833333,1.12,852.0,2.84,33.68,-117.78,2.368
8.7385,16.0,8.244624,1.064516,1275.0,3.427419,33.69,-117.79,3.4
7.866,36.0,6.656958,1.064725,658.0,2.12945,33.56,-117.79,5.00001
4.1591,41.0,5.004963,1.2134,783.0,1.942928,33.53,-117.8,5.00001
4.4464,29.0,5.953566,1.280265,1070.0,1.774461,33.51,-117.77,5.00001
6.7861,28.0,7.386861,1.083942,617.0,2.251825,33.55,-117.77,4.991
3.875,16.0,4.0,1.0,15.0,3.0,33.67,-117.86,4.5
5.3423,16.0,4.336088,1.060606,515.0,1.418733,33.66,-117.83,2.917
5.8752,20.0,6.157667,1.058315,1192.0,2.574514,33.66,-117.81,2.742
2.4132,11.0,4.198895,1.036832,6083.0,3.734193,33.64,-117.84,1.983
10.6349,24.0,6.340361,1.042169,712.0,2.144578,33.53,-117.76,5.00001
4.5833,5.0,3.888889,1.0,384.0,2.245614,33.66,-117.84,2.304
2.2262,4.0,4.012165,1.109489,1030.0,2.506083,33.65,-117.84,2.25
3.7875,9.0,2.726496,1.136752,426.0,1.820513,33.65,-117.83,1.875
4.1103,8.0,5.385965,1.067669,950.0,2.380952,33.65,-117.83,2.504
7.8164,36.0,7.369458,1.216749,441.0,2.172414,33.6,-117.89,5.00001
7.2988,37.0,9.166667,1.344262,921.0,2.516393,33.57,-117.92,5.00001
6.3017,16.0,5.704492,1.321513,656.0,1.550827,33.61,-117.89,3.5
7.1148,28.0,6.829971,1.014409,832.0,2.397695,33.63,-117.9,5.00001
3.5426,26.0,5.301322,1.096035,2673.0,2.355066,33.66,-117.88,2.954
4.1372,33.0,4.911202,1.072404,1621.0,2.214481,33.66,-117.89,2.652
6.632,27.0,5.879218,1.062167,1402.0,2.490231,33.65,-117.9,4.411
2.625,24.0,3.484252,1.26378,590.0,2.322835,33.65,-117.91,2.179
5.0532,36.0,5.795977,1.025862,850.0,2.442529,33.64,-117.9,3.109
2.7264,32.0,4.547847,0.956938,946.0,2.263158,33.63,-117.91,3.111
4.9643,34.0,5.059184,1.002041,1131.0,2.308163,33.63,-117.92,3.179
6.5928,28.0,5.057307,1.117479,832.0,2.383954,33.62,-117.94,4.391
4.4211,35.0,5.30597,1.027363,1473.0,3.664179,33.65,-117.93,2.152
3.0708,24.0,4.155483,1.13748,1623.0,2.656301,33.64,-117.92,1.887
3.9917,17.0,4.394137,1.007818,2688.0,1.75114,33.63,-117.95,2.716
8.1839,26.0,7.900929,0.972136,925.0,2.863777,33.67,-117.94,3.67
4.2036,34.0,4.990676,0.990676,1559.0,3.634033,33.65,-117.93,2.201
4.2071,14.0,3.916929,1.056639,3148.0,1.98112,33.67,-117.92,4.309
9.6062,18.0,8.304878,1.01626,702.0,2.853659,33.66,-117.93,4.147
3.375,36.0,5.162162,1.135135,208.0,5.621622,33.71,-117.86,1.575
4.9148,16.0,5.470209,1.10467,1924.0,3.098229,33.71,-117.87,1.555
4.9153,17.0,5.203883,0.982201,1916.0,3.100324,33.7,-117.87,2.664
5.0956,21.0,5.808917,1.041401,2266.0,3.60828,33.7,-117.87,2.46
6.2488,16.0,5.461538,0.903134,1324.0,3.77208,33.71,-117.9,2.52
2.3333,31.0,3.901961,0.970588,1602.0,5.235294,33.72,-117.86,1.577
2.5651,27.0,3.794745,1.037767,2936.0,4.821018,33.75,-117.85,1.714
3.7202,30.0,4.802536,1.036232,3249.0,5.88587,33.73,-117.86,1.821
4.7639,26.0,4.740668,1.005894,2867.0,5.632613,33.73,-117.91,1.799
1.5026,10.0,3.326642,1.076642,2176.0,3.970803,33.75,-117.88,1.518
2.7632,16.0,3.305851,0.970745,1925.0,5.119681,33.74,-117.87,1.589
2.5224,19.0,3.56063,1.011024,3545.0,5.582677,33.74,-117.88,1.485
3.5972,26.0,5.285714,1.227405,1235.0,3.600583,33.78,-117.88,1.875
4.6161,30.0,5.95092,1.09407,1270.0,2.597137,33.75,-117.82,2.365
5.021,23.0,5.448598,0.990654,1574.0,2.451713,33.75,-117.81,2.522
5.2998,30.0,6.646182,1.026071,1540.0,2.867784,33.74,-117.8,2.472
3.0382,23.0,4.019724,1.067061,4088.0,2.687705,33.74,-117.83,1.836
6.9014,27.0,7.925373,1.029851,1017.0,3.035821,33.76,-117.8,3.668
9.3845,26.0,7.922252,1.010724,1074.0,2.879357,33.75,-117.79,5.00001
3.7031,25.0,5.163755,1.028384,1197.0,2.613537,33.75,-117.81,2.278
8.2653,4.0,7.231265,1.021757,3754.0,3.02498,33.79,-117.76,3.74
7.0565,32.0,7.2125,0.940625,967.0,3.021875,33.77,-117.82,3.246
4.275,26.0,6.028117,1.042787,2249.0,2.749389,33.77,-117.83,2.854
6.5308,27.0,7.209821,1.002232,1193.0,2.662946,33.76,-117.82,2.878
5.5654,32.0,6.356037,1.049536,835.0,2.585139,33.76,-117.81,2.818
3.6707,23.0,5.441176,1.072549,1226.0,2.403922,33.83,-117.83,2.314
2.378,34.0,4.259868,0.991776,1658.0,2.726974,33.79,-117.84,1.996
4.7208,19.0,4.719799,0.951342,1334.0,2.238255,33.78,-117.87,1.735
3.5893,26.0,5.411552,1.046931,755.0,2.725632,33.84,-117.88,2.385
5.1182,17.0,6.002506,1.027569,1224.0,3.067669,33.84,-117.87,2.492
2.3704,38.0,4.082353,1.043137,1592.0,3.121569,33.85,-117.92,1.661
3.2344,44.0,5.045082,1.057377,682.0,2.795082,33.85,-117.92,1.701
4.8438,36.0,5.449721,1.019553,1254.0,3.502793,33.85,-117.96,1.857
3.5455,34.0,5.637615,0.986239,1035.0,4.747706,33.84,-117.95,1.8
5.0747,35.0,4.944724,0.899497,661.0,3.321608,33.84,-117.98,1.896
5.25,35.0,5.788321,0.934307,589.0,4.29927,33.84,-117.97,1.902
4.9219,34.0,5.965517,1.005747,578.0,3.321839,33.82,-117.98,2.0
3.7655,26.0,4.352495,1.06833,2442.0,2.64859,33.82,-117.97,1.977
6.3214,34.0,6.294872,0.948718,498.0,3.192308,33.83,-117.96,2.208
3.8214,36.0,5.897436,1.012821,690.0,2.948718,33.83,-117.95,2.109
3.2969,38.0,4.733813,0.946043,671.0,2.413669,33.84,-117.92,2.2
6.0531,34.0,7.081967,0.977049,852.0,2.793443,33.84,-117.93,2.871
2.5509,32.0,3.680556,1.045635,2568.0,5.095238,33.83,-117.91,1.708
2.3843,29.0,5.328413,1.202952,1038.0,3.830258,33.82,-117.91,1.829
4.8981,18.0,5.845471,1.042629,1640.0,2.912966,33.81,-117.93,1.663
3.5268,22.0,4.493197,1.088435,1702.0,2.894558,33.81,-118.0,1.747
3.1087,24.0,4.735016,1.015773,1495.0,2.358044,33.82,-118.0,2.028
5.4631,35.0,6.589404,1.046358,1614.0,3.562914,33.8,-117.97,2.256
3.2857,21.0,3.945827,1.035139,1888.0,2.764275,33.79,-117.99,2.133
3.9479,35.0,5.362862,1.017036,2110.0,3.594549,33.78,-117.97,2.038
2.0677,29.0,3.761411,1.039419,1170.0,2.427386,33.79,-117.96,2.145
3.522,28.0,4.065242,1.079865,3282.0,3.691789,33.77,-117.92,1.903
3.7303,32.0,4.315789,1.052632,1376.0,2.586466,33.78,-117.95,1.885
2.6618,22.0,4.210131,1.078799,1543.0,2.894934,33.77,-117.97,1.796
4.0955,22.0,4.888218,1.016616,2034.0,3.072508,33.77,-117.98,1.742
4.32,29.0,4.788644,0.984227,1086.0,3.425868,33.76,-117.98,1.969
4.2386,27.0,4.915851,0.990215,1861.0,3.641879,33.76,-117.94,1.842
4.0508,27.0,4.962319,0.942029,1036.0,3.002899,33.76,-117.97,1.839
4.05,21.0,4.471318,1.026357,2613.0,4.051163,33.76,-117.93,1.779
4.4732,29.0,5.482979,0.946809,1849.0,3.934043,33.77,-117.89,1.948
3.9613,35.0,5.173127,0.976744,1726.0,4.459948,33.77,-117.9,1.823
3.8506,22.0,4.944846,1.030204,5254.0,3.44977,33.76,-117.91,1.674
2.8438,26.0,4.639053,1.047337,662.0,3.91716,33.76,-117.92,1.743
5.4485,25.0,5.685714,0.991837,976.0,3.983673,33.74,-117.95,2.252
4.4766,24.0,5.670762,1.140049,1101.0,2.70516,33.71,-117.98,2.3
4.875,26.0,5.429119,1.011494,817.0,3.130268,33.69,-117.95,2.304
3.0417,25.0,4.926606,1.171254,554.0,1.69419,33.67,-117.95,1.373
6.8226,26.0,7.977679,1.013393,639.0,2.852679,33.66,-117.95,3.298
4.2159,18.0,5.705556,1.144444,436.0,2.422222,33.65,-117.98,2.113
5.5501,17.0,6.662651,1.008032,1520.0,3.052209,33.72,-117.92,2.742
5.5702,19.0,5.356436,1.050743,2243.0,2.77599,33.71,-117.96,3.426
6.9261,24.0,7.150754,1.035176,1954.0,3.273032,33.69,-117.95,2.846
7.8195,16.0,8.602349,1.058725,2142.0,3.59396,33.7,-117.98,3.905
6.091,20.0,7.229167,1.020833,1319.0,3.053241,33.69,-117.96,2.904
4.4148,17.0,5.856305,0.997067,952.0,2.791789,33.7,-117.98,2.392
5.7117,16.0,5.774882,1.037915,986.0,2.336493,33.69,-117.98,2.472
5.6765,25.0,6.279743,1.061093,1809.0,2.90836,33.67,-117.97,2.651
7.5699,19.0,8.127572,1.020576,2302.0,3.15775,33.66,-117.96,3.333
4.2165,15.0,4.962085,1.048973,1729.0,2.731438,33.67,-117.99,2.346
5.5514,26.0,6.618519,1.018519,801.0,2.966667,33.72,-117.99,2.557
1.6705,12.0,3.147208,1.088832,1441.0,1.82868,33.69,-117.99,3.5
6.0102,12.0,5.219766,1.128739,1605.0,2.087126,33.71,-118.04,3.969
10.5424,16.0,7.598616,1.041522,1490.0,2.577855,33.73,-118.06,5.00001
1.8015,26.0,3.540816,1.043367,515.0,1.313776,33.77,-118.09,0.62
1.6111,26.0,3.656134,1.072491,692.0,1.286245,33.76,-118.08,0.543
4.525,30.0,5.184049,1.107362,2269.0,3.480061,33.75,-118.01,1.86
5.5599,26.0,6.21608,1.021776,1902.0,3.18593,33.73,-118.02,2.341
3.9855,35.0,6.536278,1.100946,1249.0,3.940063,33.76,-118.01,1.919
3.4327,24.0,5.015152,1.011364,687.0,2.602273,33.77,-118.0,1.928
2.9083,14.0,3.648208,1.039088,982.0,3.198697,33.76,-118.0,1.792
3.0,21.0,4.587455,1.083233,1511.0,1.822678,33.77,-118.03,2.212
5.0102,25.0,5.89258,1.070875,1969.0,2.180509,33.78,-118.08,3.401
5.7018,24.0,6.490226,1.019549,2286.0,3.437594,33.83,-118.05,2.867
3.8512,17.0,3.938124,1.02994,1112.0,2.219561,33.83,-118.06,1.638
5.2542,26.0,5.606667,0.971111,1377.0,3.06,33.81,-118.05,2.346
5.6094,24.0,6.290141,0.977465,1162.0,3.273239,33.85,-118.04,2.792
4.5,28.0,5.102117,1.043587,2112.0,2.630137,33.84,-118.01,2.021
4.9777,34.0,6.407895,1.006579,957.0,3.148026,33.85,-117.99,2.126
4.0039,30.0,5.180602,1.086957,885.0,2.959866,33.84,-118.0,1.951
3.139,25.0,4.240481,1.078824,4188.0,2.797595,33.87,-118.01,1.857
3.0147,17.0,4.362617,1.003738,1662.0,3.106542,33.87,-117.99,2.17
4.5033,21.0,5.258097,1.032389,2539.0,2.569838,33.89,-117.99,1.605
9.0683,15.0,7.226236,1.030418,1992.0,3.787072,33.89,-117.97,3.674
4.1016,14.0,20.939394,3.666667,141.0,2.136364,39.2,-120.15,2.833
3.0057,22.0,6.751462,1.669591,919.0,2.687135,39.24,-120.02,0.936
1.8269,32.0,4.445545,1.465347,825.0,2.722772,39.24,-120.02,2.25
1.7375,52.0,4.81203,1.056391,523.0,1.966165,38.9,-121.07,1.222
3.3802,17.0,5.75656,1.04519,1683.0,2.453353,38.86,-121.12,2.165
4.2723,23.0,5.531773,1.0,787.0,2.632107,38.91,-121.15,1.931
4.9,12.0,6.566485,1.04918,1556.0,2.834244,38.72,-121.24,2.037
4.2259,3.0,6.495501,1.143638,8361.0,2.686697,38.77,-121.33,1.693
3.5265,11.0,5.285115,1.092243,1390.0,2.914046,38.8,-121.22,1.248
6.0,20.0,6.007707,0.963391,1405.0,2.707129,38.87,-121.19,2.094
3.5607,21.0,6.121061,1.06136,1758.0,2.915423,38.83,-121.21,1.519
4.0282,16.0,5.842593,1.001852,1630.0,3.018519,39.0,-121.3,1.264
2.7083,16.0,5.45045,1.027027,726.0,3.27027,38.97,-121.31,0.821
4.4958,19.0,5.899767,1.074592,1206.0,2.811189,38.92,-121.22,1.926
2.7656,31.0,5.404167,1.079167,765.0,3.1875,38.9,-121.28,0.936
2.3696,17.0,5.765743,1.133501,1182.0,2.97733,39.04,-120.99,1.668
2.8603,17.0,6.427562,1.374558,736.0,2.600707,39.15,-120.87,1.289
2.5156,18.0,6.139303,1.323383,543.0,2.701493,39.79,-120.53,0.719
3.0625,19.0,5.607143,1.078571,366.0,2.614286,39.8,-120.15,0.825
4.3176,52.0,6.251418,1.045369,1269.0,2.398866,33.97,-117.39,1.362
3.575,51.0,6.060403,1.080537,709.0,2.379195,33.96,-117.4,1.255
5.0194,38.0,5.961207,1.025862,649.0,2.797414,33.97,-117.4,1.489
2.7452,33.0,4.956427,1.021786,1691.0,3.684096,33.96,-117.42,0.981
2.4435,22.0,4.12537,1.067127,2096.0,2.069102,33.94,-117.41,1.185
4.0526,36.0,5.639506,1.096296,1425.0,3.518519,33.95,-117.43,1.045
2.4922,31.0,5.011811,1.031496,686.0,2.700787,33.93,-117.43,1.094
4.375,33.0,6.039648,1.039648,715.0,3.14978,33.93,-117.44,1.299
3.05,33.0,6.868597,1.269488,1753.0,3.904232,34.02,-117.43,0.978
4.2321,9.0,6.357809,1.027972,3015.0,3.513986,34.02,-117.42,1.628
1.9052,38.0,4.203774,1.077358,1697.0,3.201887,34.0,-117.41,0.834
4.566,18.0,7.236324,1.196937,1738.0,3.803063,33.99,-117.43,1.169
3.1859,26.0,5.838323,1.147705,1921.0,3.834331,33.94,-117.6,1.531
1.625,29.0,6.65,1.05,136.0,3.4,33.94,-117.56,1.643
5.9333,17.0,6.917749,0.961039,1581.0,3.422078,33.95,-117.55,2.294
3.5208,21.0,5.021127,1.0,476.0,3.352113,33.92,-117.46,1.211
3.5227,35.0,5.612903,1.053763,1056.0,3.784946,33.94,-117.46,1.054
3.6071,7.0,4.887775,1.068768,5271.0,2.517192,33.9,-117.49,1.591
4.2207,22.0,5.563945,1.026194,1869.0,2.879815,33.91,-117.48,1.411
5.536,13.0,6.119175,1.043545,3920.0,2.994652,33.88,-117.64,2.048
5.5362,7.0,7.067742,1.045161,1156.0,3.729032,33.83,-117.53,1.956
5.1365,14.0,6.754919,1.037567,1877.0,3.357782,33.82,-117.52,2.15
5.1045,14.0,7.395498,1.07717,1001.0,3.21865,33.87,-117.33,1.613
2.9542,15.0,6.074581,1.143075,2317.0,3.526636,33.85,-117.3,1.279
2.7232,12.0,7.289308,1.314465,523.0,3.289308,33.84,-117.26,1.232
4.1883,15.0,5.341909,1.077178,2805.0,2.327801,33.96,-117.34,1.845
3.175,27.0,4.791045,0.955224,214.0,3.19403,34.0,-117.34,1.016
5.6409,3.0,7.837746,1.083262,8437.0,3.602477,33.97,-117.21,1.977
3.0907,13.0,5.743537,1.186395,4885.0,3.323129,33.92,-117.27,1.272
2.3276,23.0,5.625445,1.064057,1984.0,1.765125,33.7,-117.2,0.924
2.6322,10.0,4.991614,0.951782,1323.0,2.773585,33.73,-117.16,1.407
3.7538,4.0,5.251326,1.060445,2912.0,3.088017,33.54,-117.16,1.475
4.3833,6.0,7.562753,1.17004,750.0,3.036437,33.56,-117.1,3.076
3.475,6.0,6.352941,1.058824,43.0,2.529412,33.53,-117.19,1.875
1.9961,13.0,4.996287,1.074876,6159.0,1.905631,33.73,-116.99,0.978
1.7847,23.0,4.423841,1.036897,2770.0,2.620624,33.75,-116.95,1.095
3.069,20.0,5.237832,1.076327,2306.0,2.550885,33.73,-116.96,0.87
3.2371,21.0,5.996078,1.058824,2233.0,2.918954,33.73,-116.95,0.945
3.7175,17.0,6.606914,1.089629,2344.0,3.00128,33.73,-116.94,1.2
2.0135,21.0,4.530303,1.04697,2108.0,3.193939,33.79,-116.96,0.83
2.0577,12.0,6.372727,1.181818,434.0,3.945455,33.79,-116.89,0.567
2.5612,5.0,5.740586,1.061367,1714.0,2.390516,33.76,-116.87,1.308
2.7788,18.0,7.040541,1.594595,174.0,2.351351,33.84,-116.86,0.911
2.1581,33.0,4.272727,0.943182,267.0,3.034091,33.93,-116.98,0.683
2.2321,34.0,4.919629,1.140649,1820.0,2.812983,33.93,-116.9,0.718
3.5882,21.0,13.568627,2.788235,658.0,2.580392,33.71,-116.68,1.611
2.183,16.0,6.300676,1.396959,1346.0,2.273649,33.49,-116.6,1.135
2.7219,15.0,6.724138,1.365396,4122.0,2.493648,33.82,-116.39,0.744
1.7388,12.0,5.768836,1.335616,1315.0,2.251712,33.94,-116.51,0.66
4.0417,5.0,7.640212,1.530864,1420.0,2.504409,33.98,-116.5,1.464
3.6875,17.0,10.033708,1.930337,853.0,1.916854,33.84,-116.52,1.304
1.9167,16.0,6.27883,1.781411,1687.0,2.903614,33.87,-116.54,0.704
2.9647,16.0,7.537023,1.635004,3048.0,2.279731,33.85,-116.53,1.109
2.5885,28.0,6.26791,1.372388,3470.0,2.589552,33.84,-116.53,1.59
3.4886,13.0,6.840724,1.306787,3189.0,2.885973,33.85,-116.52,1.125
2.5212,21.0,5.897924,1.335063,3623.0,2.089389,33.82,-116.52,1.452
2.6083,36.0,6.685606,1.511364,451.0,1.708333,33.83,-116.56,3.219
3.4394,12.0,9.799209,2.017391,2548.0,2.014229,33.81,-116.52,1.622
3.1493,24.0,7.307323,1.460984,1721.0,2.066026,33.81,-116.54,1.994
3.1364,25.0,7.626822,1.594752,581.0,1.693878,33.76,-116.57,3.016
2.25,20.0,6.5,1.451351,1304.0,1.762162,33.69,-116.5,2.481
2.5489,18.0,11.901869,2.163551,411.0,1.920561,33.78,-116.53,2.205
2.6298,14.0,9.425,2.02,1711.0,1.711,33.79,-116.48,1.452
3.6161,9.0,5.490079,1.196429,2283.0,2.264881,33.8,-116.45,0.991
3.0021,19.0,5.934803,1.299137,2242.0,2.149569,33.72,-116.37,1.523
2.2439,18.0,7.426829,1.692073,955.0,1.455793,33.77,-116.44,0.975
3.6354,7.0,6.307153,1.165498,2248.0,3.152875,33.66,-116.31,0.98
2.8648,29.0,4.740586,0.924686,918.0,3.841004,33.73,-116.23,0.721
1.9306,22.0,4.176471,1.326797,664.0,4.339869,33.66,-116.17,0.475
1.6154,17.0,62.422222,14.111111,83.0,1.844444,33.97,-114.49,0.875
1.6395,20.0,4.920792,1.188119,1135.0,3.745875,33.49,-114.68,0.444
3.1917,14.0,6.641593,1.49115,515.0,2.278761,33.64,-114.57,0.734
3.776,52.0,6.222222,1.10101,975.0,1.969697,38.57,-121.44,1.645
2.6976,52.0,4.433551,1.052288,904.0,1.969499,38.58,-121.47,1.093
1.625,52.0,3.032086,1.032086,272.0,1.454545,38.57,-121.48,1.875
2.9191,52.0,4.742547,1.00813,764.0,2.070461,38.56,-121.46,1.118
2.5417,50.0,5.964981,1.120623,532.0,2.070039,38.56,-121.43,1.259
2.9821,46.0,4.398964,0.992228,726.0,1.880829,38.55,-121.44,0.97
1.9013,35.0,3.342857,1.004396,987.0,2.169231,38.56,-121.49,0.869
1.0649,43.0,3.564626,1.061224,1320.0,4.489796,38.56,-121.51,1.375
2.8417,45.0,5.078727,1.056951,1341.0,2.246231,38.55,-121.51,1.379
3.0033,52.0,5.223796,1.110482,667.0,1.889518,38.56,-121.49,1.035
5.6402,52.0,6.214286,1.015625,957.0,2.136161,38.55,-121.5,2.098
7.1035,52.0,7.269565,1.043478,832.0,2.411594,38.55,-121.48,2.287
2.7787,47.0,4.75,1.02459,810.0,3.319672,38.54,-121.45,0.56
2.9737,37.0,4.580087,0.969697,588.0,2.545455,38.53,-121.41,0.721
2.8298,37.0,5.349727,1.002732,1171.0,3.199454,38.53,-121.42,0.712
2.3272,37.0,4.746959,1.051095,1089.0,2.649635,38.53,-121.44,0.806
2.1975,41.0,5.373802,1.094249,1841.0,2.940895,38.54,-121.48,0.735
3.6196,5.0,4.991045,1.19403,1341.0,2.001493,38.49,-121.52,1.528
2.5926,24.0,4.77561,0.980488,723.0,3.526829,38.51,-121.48,0.723
2.6613,26.0,5.19,1.003333,986.0,3.286667,38.49,-121.49,0.777
3.3689,32.0,5.945185,1.074074,2032.0,3.01037,38.49,-121.5,0.834
2.4741,34.0,5.611111,1.156863,848.0,2.771242,38.53,-121.45,0.87
1.8007,37.0,4.93705,1.057554,1607.0,2.890288,38.53,-121.46,0.654
2.8139,15.0,5.571932,1.002821,4769.0,3.363188,38.51,-121.42,0.904
2.9571,28.0,5.21576,0.956848,1638.0,3.073171,38.48,-121.45,1.031
3.363,17.0,5.64454,1.046681,7235.0,3.098501,38.49,-121.42,1.03
4.3644,19.0,5.854783,1.0117,3517.0,2.420509,38.56,-121.39,1.374
0.9204,43.0,4.164557,1.012658,1253.0,5.28692,38.59,-121.48,0.821
8.4016,33.0,7.376045,0.994429,863.0,2.4039,38.57,-121.39,3.387
3.8672,36.0,5.769565,0.908696,613.0,2.665217,38.6,-121.42,1.114
2.1694,33.0,4.550696,1.145129,1100.0,2.186879,38.61,-121.43,0.957
3.089,18.0,3.997126,1.081609,2803.0,1.61092,38.58,-121.41,1.414
5.0497,38.0,6.537445,1.046256,1176.0,2.590308,38.58,-121.38,1.917
5.0492,35.0,6.652542,1.031073,993.0,2.805085,38.61,-121.36,1.441
7.8031,18.0,7.153509,1.0,599.0,2.627193,38.58,-121.34,2.672
3.5625,41.0,5.16,0.96,356.0,2.373333,38.62,-121.38,1.153
1.8571,31.0,3.468468,1.018018,1079.0,2.43018,38.63,-121.4,0.987
1.6641,43.0,4.62844,1.03211,604.0,2.770642,38.63,-121.43,0.67
1.4387,37.0,5.117347,1.246599,1513.0,2.573129,38.62,-121.44,0.61
3.2039,8.0,5.034946,1.030914,2161.0,2.90457,38.65,-121.46,1.034
2.5643,37.0,4.763975,0.978261,1147.0,3.562112,38.62,-121.45,0.598
0.9379,34.0,4.38,1.16,263.0,2.63,38.61,-121.45,0.675
3.625,31.0,5.443243,0.978378,563.0,3.043243,38.7,-121.47,0.913
3.6484,18.0,6.49835,1.070957,1861.0,3.070957,38.7,-121.37,0.95
4.3118,20.0,5.764849,0.994304,3455.0,2.811229,38.68,-121.35,1.2
3.5403,18.0,5.378819,1.057705,3789.0,2.572301,38.68,-121.35,0.986
3.6989,13.0,4.820549,0.985222,4251.0,2.991555,38.69,-121.36,0.933
3.1858,34.0,6.346154,1.330769,355.0,2.730769,38.65,-121.38,1.095
2.5556,24.0,4.864905,1.129222,1631.0,2.395007,38.66,-121.35,1.057
4.0036,13.0,5.843931,1.040462,1363.0,2.626204,38.63,-121.34,1.617
2.6023,22.0,4.741333,1.088,875.0,2.333333,38.61,-121.34,1.422
6.2817,25.0,6.65625,0.948438,1635.0,2.554688,38.6,-121.33,2.882
3.3182,24.0,5.889117,1.082136,1284.0,2.63655,38.63,-121.29,2.13
6.6238,17.0,6.238994,0.949686,316.0,1.987421,38.61,-121.31,3.267
4.7381,26.0,6.007491,0.917603,751.0,2.812734,38.66,-121.31,1.405
5.078,26.0,5.92268,0.994845,500.0,2.57732,38.66,-121.32,1.634
5.2949,33.0,7.188406,1.047101,842.0,3.050725,38.65,-121.27,1.733
10.2264,36.0,8.571429,1.142857,30.0,2.142857,38.63,-121.28,3.5
2.8226,17.0,5.190067,1.056351,2755.0,2.631328,38.71,-121.3,0.999
3.5893,25.0,5.769585,0.953917,587.0,2.705069,38.68,-121.32,1.464
4.8224,27.0,5.825073,1.029155,970.0,2.827988,38.67,-121.31,1.155
3.6995,13.0,4.94213,0.993056,779.0,1.803241,38.69,-121.3,1.349
3.8603,22.0,5.35426,0.928251,545.0,2.443946,38.68,-121.31,1.343
5.7133,13.0,6.75625,1.016667,1585.0,3.302083,38.7,-121.24,1.668
3.8906,15.0,4.832386,0.982955,723.0,2.053977,38.67,-121.27,1.287
3.4506,10.0,5.356715,1.093242,2954.0,2.526946,38.68,-121.22,1.39
6.1359,52.0,8.275862,1.517241,6675.0,230.172414,38.69,-121.15,2.25
3.0,37.0,4.890625,1.042969,686.0,2.679688,38.68,-121.17,1.219
6.2503,2.0,8.408163,1.188435,4438.0,3.019048,38.66,-121.13,2.225
7.2582,4.0,7.376841,1.047523,3857.0,2.58166,38.63,-121.24,2.732
2.5035,24.0,5.391626,1.12069,2149.0,2.646552,38.59,-121.32,1.237
2.8021,33.0,6.235602,1.036649,554.0,2.900524,38.55,-121.36,1.188
5.0622,16.0,6.140162,0.997305,1203.0,3.242588,38.56,-121.35,1.324
5.8831,19.0,6.881188,1.024752,1320.0,3.267327,38.44,-121.27,2.099
4.3879,2.0,7.105691,1.150407,2816.0,2.861789,38.46,-121.35,1.444
5.7452,14.0,7.028509,1.019737,1439.0,3.155702,38.44,-121.34,2.409
3.3281,18.0,4.885397,0.927911,1755.0,3.243993,38.42,-121.37,0.912
7.0326,10.0,6.670968,0.987097,478.0,3.083871,38.37,-121.13,2.411
4.4107,17.0,6.426966,1.134831,626.0,3.516854,38.31,-121.27,1.516
3.215,19.0,4.837931,0.951724,901.0,3.106897,38.26,-121.3,1.046
4.1179,4.0,6.427072,1.115425,3077.0,3.228751,38.26,-121.32,1.346
1.6458,52.0,4.292453,1.0,429.0,2.023585,38.26,-121.51,0.528
5.7763,14.0,6.847747,1.048721,3108.0,3.785627,33.99,-117.72,2.067
6.2141,4.0,6.716019,1.078479,3941.0,3.188511,33.92,-117.7,2.522
2.9107,7.0,5.545455,1.098485,431.0,3.265152,34.06,-117.7,0.953
2.5395,25.0,4.970588,1.237968,1070.0,2.860963,34.05,-117.68,1.875
4.125,36.0,6.030928,1.010309,1213.0,3.126289,34.01,-117.73,2.13
3.4267,11.0,5.128698,1.107988,2163.0,3.199704,34.03,-117.71,1.644
3.2073,20.0,4.763329,1.011053,5718.0,3.717815,34.01,-117.68,1.235
6.4559,16.0,7.641161,1.065963,1165.0,3.073879,34.15,-117.64,3.929
7.0844,11.0,7.835853,1.012959,1488.0,3.213823,34.14,-117.66,3.25
8.8204,22.0,7.44918,0.911475,933.0,3.059016,34.12,-117.66,3.905
5.8407,18.0,7.510417,1.1125,1682.0,3.504167,34.12,-117.64,2.029
2.5868,16.0,5.617414,1.108179,932.0,2.459103,34.11,-117.64,1.469
5.3368,28.0,7.241558,0.961039,1140.0,2.961039,34.11,-117.65,2.335
2.4667,30.0,4.234783,0.988406,1014.0,2.93913,34.1,-117.65,1.06
2.6818,8.0,4.649673,1.163399,2251.0,2.942484,34.09,-117.63,1.141
2.7083,46.0,4.129252,0.955782,701.0,2.384354,34.09,-117.65,1.163
3.5036,29.0,5.0,1.054348,1278.0,3.472826,34.07,-117.67,1.234
2.587,33.0,5.549333,1.090667,1008.0,2.688,34.07,-117.66,1.381
3.3958,37.0,6.018692,1.093458,1284.0,3.0,34.08,-117.64,1.304
5.4689,40.0,6.64876,1.066116,624.0,2.578512,34.08,-117.65,1.582
4.6167,11.0,4.694836,0.91784,1503.0,3.528169,34.09,-117.61,1.44
2.2765,30.0,4.021645,1.02886,2647.0,3.819625,34.07,-117.64,0.981
4.2054,10.0,5.515837,1.048265,2079.0,3.135747,34.04,-117.66,1.599
5.2551,13.0,6.071429,0.989418,1284.0,3.396825,34.04,-117.67,1.943
4.8906,16.0,6.404211,1.103158,1516.0,3.191579,34.02,-117.67,1.785
3.8125,15.0,5.460366,1.054878,1219.0,3.716463,34.02,-117.61,1.703
7.7197,8.0,9.0,1.285714,25.0,3.571429,34.02,-117.61,2.75
4.7193,4.0,5.664495,1.035016,3455.0,2.813518,34.12,-117.56,1.787
3.5488,8.0,4.768219,0.974696,3310.0,3.350202,34.09,-117.46,1.016
3.1838,32.0,5.689655,1.131034,1124.0,3.875862,34.09,-117.48,0.986
4.2121,14.0,5.140957,0.922872,1443.0,3.837766,34.11,-117.4,1.281
4.9444,16.0,5.533981,0.878641,627.0,3.043689,34.11,-117.39,1.327
2.3456,12.0,4.866324,1.267352,1054.0,2.709512,34.13,-117.37,1.408
3.6875,11.0,5.486486,1.099421,3095.0,2.987452,34.08,-117.38,1.126
3.7348,4.0,5.705277,1.178893,4775.0,3.072716,34.08,-117.36,1.258
2.8682,27.0,5.175532,0.973404,1841.0,3.264184,34.04,-117.39,0.964
2.9844,28.0,5.58651,1.090909,1480.0,4.340176,34.17,-117.35,0.792
1.4066,39.0,4.633124,1.044025,1752.0,3.672956,34.12,-117.32,0.664
3.2656,29.0,5.621622,1.092664,2188.0,4.223938,34.11,-117.34,0.906
3.0833,34.0,5.764384,1.063014,1578.0,4.323288,34.11,-117.35,0.884
3.9231,34.0,5.209719,0.984655,1195.0,3.056266,34.15,-117.31,0.96
2.875,38.0,5.426049,1.077263,1135.0,2.505519,34.16,-117.29,0.991
3.125,48.0,6.430712,1.149813,610.0,2.284644,34.14,-117.29,0.976
1.5561,35.0,4.139932,1.220137,1920.0,3.276451,34.11,-117.29,0.68
4.3362,31.0,5.945098,0.933333,596.0,2.337255,34.16,-117.25,1.594
3.9018,35.0,5.651357,1.004175,1595.0,3.329854,34.16,-117.25,0.915
2.2482,19.0,4.524978,1.077125,2680.0,2.348817,34.14,-117.25,1.145
3.6856,33.0,5.950719,1.032854,1374.0,2.821355,34.13,-117.25,0.9
2.0,37.0,4.874239,1.115619,1234.0,2.503043,34.13,-117.26,0.721
1.2171,33.0,5.084034,1.210084,850.0,3.571429,34.11,-117.26,0.593
1.9375,40.0,4.287846,1.055437,1528.0,3.257996,34.08,-117.31,0.699
4.1667,9.0,5.58322,1.040246,3630.0,2.476126,34.03,-117.29,1.977
2.025,20.0,3.745014,1.078348,3780.0,2.692308,34.06,-117.27,0.857
1.9821,23.0,4.805763,1.233725,3264.0,3.483458,34.06,-117.25,0.93
3.2604,9.0,5.018106,1.094708,1782.0,2.481894,34.06,-117.24,0.933
4.6445,17.0,6.045618,0.980792,2084.0,2.501801,34.15,-117.23,1.372
5.2591,16.0,6.041199,0.917603,811.0,3.037453,34.14,-117.21,1.407
3.3445,31.0,5.281739,0.982609,1834.0,3.189565,34.13,-117.21,0.929
3.0587,5.0,5.284007,1.272978,2382.0,2.189338,34.08,-117.21,1.431
2.189,40.0,5.217582,1.098901,1772.0,3.894505,34.07,-117.19,0.725
2.6129,52.0,5.777778,1.085714,601.0,1.907937,34.05,-117.18,1.37
6.2917,14.0,7.310263,1.016706,1570.0,3.747017,34.04,-117.21,2.247
3.9741,15.0,6.645652,1.108696,1154.0,2.508696,34.06,-117.14,1.411
5.0227,9.0,6.269565,0.952174,633.0,2.752174,34.05,-117.15,1.623
1.3906,38.0,5.403846,1.057692,151.0,2.903846,34.06,-117.12,1.208
2.8031,34.0,4.678988,1.052529,1342.0,2.610895,34.07,-117.13,0.869
3.154,23.0,5.923313,1.072086,2082.0,3.193252,34.03,-117.08,1.157
3.3365,20.0,5.782528,1.046468,1453.0,2.700743,34.02,-117.08,1.228
3.0403,26.0,5.140969,0.975037,1860.0,2.731278,34.03,-117.03,1.135
1.4318,36.0,3.842391,1.244565,1762.0,2.394022,34.9,-117.06,0.596
2.6827,17.0,5.376667,1.086667,765.0,2.55,34.46,-117.12,1.104
3.925,12.0,6.089796,1.035374,2255.0,3.068027,34.52,-117.2,1.185
3.0943,10.0,5.519708,1.039416,2044.0,2.983942,34.53,-117.33,0.971
3.0181,10.0,5.758621,1.08867,2845.0,3.503695,34.51,-117.28,1.004
3.4028,18.0,5.845133,1.20354,754.0,3.336283,35.55,-115.93,0.675
1.5489,13.0,5.65,1.284375,735.0,2.296875,34.15,-116.33,0.574
1.9779,15.0,5.791494,1.191909,2709.0,2.810166,34.15,-116.39,0.733
4.2386,18.0,9.119159,1.670561,1388.0,3.242991,34.28,-117.36,1.572
3.7708,26.0,13.603004,2.669528,1177.0,2.525751,34.23,-117.27,1.104
5.7421,16.0,17.322917,2.963542,527.0,2.744792,34.28,-117.21,1.676
2.712,21.0,16.688742,3.854305,416.0,2.754967,34.17,-117.06,0.89
5.5762,17.0,10.359649,2.377193,248.0,2.175439,34.17,-117.13,1.5
3.5288,16.0,12.368852,2.143443,556.0,2.278689,34.25,-116.9,1.897
4.9643,11.0,12.1,2.2,230.0,2.555556,34.25,-116.88,1.76
3.4912,7.0,8.355308,1.554795,2933.0,2.51113,34.85,-117.46,1.577
2.1522,31.0,5.542234,1.209809,1097.0,2.989101,34.94,-117.19,0.608
3.6343,28.0,6.861004,1.185328,721.0,2.783784,34.96,-117.08,0.798
3.1528,23.0,5.652985,1.086754,2920.0,2.723881,34.88,-116.99,0.69
3.6091,16.0,6.094139,1.147425,3562.0,3.16341,34.87,-117.0,0.872
3.9464,7.0,6.167582,1.118132,1016.0,2.791209,34.87,-117.03,1.015
0.4999,10.0,6.74,2.04,108.0,2.16,34.69,-116.9,0.55
5.7914,52.0,7.188889,0.972222,434.0,2.411111,32.76,-117.19,5.00001
3.0445,36.0,4.042813,1.030581,1211.0,1.851682,32.76,-117.15,2.148
2.5553,16.0,3.71787,1.111383,2592.0,1.586291,32.74,-117.14,1.781
2.1273,24.0,4.03551,1.135166,1775.0,2.033219,32.76,-117.14,1.423
1.9152,28.0,3.782837,1.064799,1339.0,2.345009,32.76,-117.12,1.281
2.5952,48.0,5.667925,1.026415,590.0,2.226415,32.77,-117.11,1.903
2.2604,21.0,4.17636,1.125704,1085.0,2.035647,32.76,-117.11,1.263
1.7446,23.0,3.776423,1.119919,1506.0,3.060976,32.75,-117.1,0.852
2.2,25.0,4.503165,1.018987,2272.0,3.594937,32.74,-117.11,0.987
2.2375,24.0,4.381737,1.053892,2005.0,3.001497,32.73,-117.1,1.029
1.7391,18.0,3.109489,1.087591,1639.0,2.990876,32.76,-117.08,1.25
2.6629,37.0,5.009615,0.985577,589.0,2.831731,32.74,-117.07,1.169
3.1923,31.0,5.348697,1.03006,1626.0,3.258517,32.72,-117.06,1.169
2.2454,39.0,4.449111,1.053312,2263.0,3.655897,32.71,-117.07,0.896
3.2596,33.0,5.017657,1.006421,2300.0,3.691814,32.71,-117.03,1.03
3.25,34.0,5.426573,1.034965,1684.0,3.925408,32.71,-117.03,0.996
3.7366,20.0,5.321945,0.978975,2870.0,3.771353,32.71,-117.02,1.218
3.5437,27.0,5.158501,1.025937,1286.0,3.706052,32.69,-117.04,1.158
5.0827,18.0,5.503731,0.996269,1149.0,4.287313,32.68,-117.07,1.422
3.9922,35.0,6.54023,1.111111,1761.0,3.373563,32.68,-117.05,1.298
3.9646,32.0,5.316981,0.987421,2842.0,3.574843,32.67,-117.05,1.378
3.5664,19.0,5.030822,0.941781,1010.0,3.458904,32.68,-117.05,1.504
3.16,14.0,3.204934,1.053131,1319.0,2.502846,32.69,-117.05,1.438
4.0,13.0,4.935185,0.983796,1345.0,3.113426,32.68,-117.04,0.893
3.02,9.0,4.126812,1.038647,2521.0,3.044686,32.69,-117.04,1.589
4.5662,8.0,6.307692,1.017949,1784.0,4.574359,32.69,-117.03,1.755
1.5,12.0,4.17698,1.169554,2357.0,2.917079,32.71,-117.09,1.063
1.3269,18.0,4.012195,1.04878,1221.0,2.978049,32.69,-117.09,1.08
1.3194,14.0,3.455696,1.0,827.0,3.489451,32.7,-117.12,0.905
1.9425,36.0,4.002817,1.033803,1418.0,3.994366,32.69,-117.11,0.934
1.1681,37.0,4.14939,1.060976,1398.0,4.262195,32.7,-117.12,0.781
0.8991,42.0,4.689922,1.131783,945.0,3.662791,32.7,-117.13,0.789
1.2614,42.0,3.729642,1.022801,1114.0,3.628664,32.71,-117.13,0.875
3.37,36.0,4.96013,1.045566,3093.0,2.51668,32.72,-117.12,1.591
3.5156,50.0,6.480337,1.191011,887.0,2.491573,32.73,-117.12,1.688
3.4151,52.0,5.170351,0.93368,1750.0,2.275683,32.73,-117.12,1.754
2.1513,43.0,4.407166,1.086319,1531.0,2.493485,32.73,-117.13,1.45
1.8456,32.0,3.456731,1.206731,894.0,4.298077,32.71,-117.14,1.031
2.1199,34.0,3.255784,1.107969,2011.0,2.584833,32.72,-117.14,1.604
1.5594,52.0,2.836879,1.109929,1337.0,4.741135,32.71,-117.14,0.875
1.5729,36.0,4.553957,1.064748,557.0,4.007194,32.7,-117.14,0.827
1.9338,44.0,3.103774,1.028302,869.0,4.099057,32.7,-117.14,0.894
0.9142,52.0,2.015345,1.184143,805.0,2.058824,32.72,-117.16,1.625
4.2375,7.0,3.889236,1.081123,951.0,1.483619,32.71,-117.17,2.05
1.815,52.0,2.853147,1.0,313.0,2.188811,32.73,-117.17,1.167
2.6121,26.0,3.782609,1.005435,384.0,2.086957,32.75,-117.22,1.25
3.1389,23.0,4.052013,1.095638,1275.0,2.139262,32.75,-117.23,1.018
2.5259,35.0,4.567398,1.070533,1562.0,2.448276,32.73,-117.23,2.402
2.7515,33.0,4.235772,1.130081,1785.0,1.814024,32.74,-117.28,2.477
4.0862,44.0,5.295374,0.921708,667.0,2.373665,32.74,-117.24,3.218
4.8167,16.0,5.072727,1.049351,798.0,2.072727,32.74,-117.23,1.698
2.7857,36.0,4.894231,1.36859,710.0,2.275641,32.78,-117.25,2.917
2.45,21.0,3.851562,1.260417,658.0,1.713542,32.78,-117.25,3.5
4.1742,44.0,5.171429,1.02619,892.0,2.12381,32.78,-117.24,3.422
2.9258,26.0,4.302005,1.093985,1492.0,1.869674,32.8,-117.24,2.348
2.4671,30.0,4.386728,1.057208,828.0,1.894737,32.8,-117.24,2.763
3.3274,26.0,3.913462,1.05609,1134.0,1.817308,32.8,-117.25,2.955
6.9553,35.0,7.307393,1.198444,598.0,2.326848,32.81,-117.29,5.00001
4.1477,38.0,5.530374,1.121495,891.0,2.081776,32.83,-117.31,5.00001
6.1025,26.0,6.566667,1.095,1180.0,1.966667,32.84,-117.27,5.00001
7.8013,19.0,7.248276,1.051034,1773.0,2.445517,32.82,-117.25,4.74
10.0707,22.0,7.906818,1.018182,1252.0,2.845455,32.85,-117.24,5.00001
3.6083,15.0,4.050676,1.016892,510.0,1.722973,32.86,-117.23,1.801
3.045,16.0,2.708804,1.056433,648.0,1.462754,32.86,-117.23,1.0
4.2109,14.0,4.989744,1.187179,1205.0,3.089744,32.93,-117.14,1.712
6.4696,10.0,7.217391,0.971014,1700.0,3.519669,32.97,-117.13,2.495
6.3237,4.0,7.784105,1.101188,8980.0,3.67882,32.95,-117.18,2.609
5.7451,17.0,5.482927,0.912195,553.0,2.697561,32.83,-117.22,2.373
3.2583,32.0,5.226221,1.012853,989.0,2.542416,32.84,-117.2,1.814
2.5909,36.0,4.818584,1.061947,623.0,2.756637,32.83,-117.2,1.76
3.7963,22.0,5.134615,1.092033,1476.0,2.027473,32.82,-117.22,3.031
2.7401,24.0,4.088161,1.050378,911.0,2.29471,32.82,-117.17,1.981
2.2899,14.0,4.145594,1.05364,2046.0,1.95977,32.81,-117.16,1.59
3.6806,35.0,6.701657,1.104972,532.0,2.939227,32.81,-117.16,1.724
3.7381,34.0,4.883495,0.947573,1594.0,3.095146,32.78,-117.16,1.65
2.7386,16.0,3.367376,1.106383,913.0,1.295035,32.77,-117.18,0.875
2.6493,17.0,3.132159,1.118943,327.0,1.440529,32.76,-117.18,0.675
3.4,23.0,5.424107,1.004464,592.0,2.642857,32.77,-117.18,2.006
5.0958,16.0,5.428198,1.028721,746.0,1.947781,32.79,-117.2,3.0
2.3599,36.0,4.771971,1.267221,1620.0,1.92399,32.8,-117.2,1.684
4.7788,31.0,6.422932,1.00188,1245.0,2.340226,32.79,-117.2,2.76
4.4097,34.0,6.378882,1.031056,1659.0,2.576087,32.78,-117.19,2.52
3.765,30.0,4.181126,0.974125,3185.0,4.847793,32.77,-117.19,2.38
4.1368,16.0,4.877794,0.99851,1305.0,1.944858,32.77,-117.19,1.51
2.8621,31.0,4.225108,1.019481,936.0,2.025974,32.77,-117.2,1.969
4.4886,34.0,5.945578,1.0,800.0,2.721088,32.81,-117.14,1.791
4.5568,33.0,6.137079,1.024719,1263.0,2.838202,32.8,-117.13,1.753
4.2098,35.0,5.673152,1.019455,723.0,2.81323,32.79,-117.13,1.741
2.875,17.0,5.691083,1.050955,1341.0,4.270701,32.82,-117.11,1.125
9.2858,6.0,8.095533,1.024814,3146.0,3.903226,32.9,-117.04,4.361
3.5179,16.0,3.647658,1.05499,1006.0,2.04888,32.79,-117.11,1.293
6.4797,25.0,7.529644,0.988142,865.0,3.418972,32.8,-117.05,2.49
3.1,17.0,4.846512,0.976744,650.0,3.023256,32.8,-117.01,0.842
3.0284,25.0,4.240803,0.943144,991.0,3.314381,32.57,-117.06,1.236
1.9875,18.0,3.481375,0.916905,1195.0,3.424069,32.56,-117.05,1.149
1.4384,5.0,3.774005,1.100703,3284.0,3.845433,32.55,-117.06,1.088
4.3601,26.0,6.298387,0.997312,1221.0,3.282258,32.57,-117.1,1.449
2.5859,17.0,4.814634,1.030894,1911.0,3.107317,32.57,-117.07,1.314
2.7361,14.0,4.206612,0.983471,1224.0,3.371901,32.57,-117.07,0.936
3.0992,9.0,4.342857,1.065476,3293.0,3.920238,32.56,-117.07,1.426
2.569,9.0,4.325549,1.038462,4451.0,3.057005,32.57,-117.08,0.883
4.8984,8.0,5.023256,0.906977,626.0,3.639535,32.56,-117.09,1.515
2.3253,14.0,4.239732,1.088852,3662.0,3.069573,32.57,-117.1,1.337
3.3906,36.0,5.078534,1.044503,1076.0,2.816754,32.58,-117.16,1.478
8.7991,10.0,9.287154,1.457179,1900.0,2.392947,32.63,-117.13,4.785
1.6094,43.0,3.678571,1.042857,445.0,3.178571,32.67,-117.11,0.93
1.6806,46.0,3.948936,1.004255,790.0,3.361702,32.67,-117.11,0.925
1.4844,52.0,3.943662,1.0,217.0,3.056338,32.67,-117.11,0.833
2.81,43.0,4.27234,1.004255,839.0,3.570213,32.66,-117.08,1.034
1.9241,38.0,3.935622,1.098712,494.0,2.120172,32.64,-117.08,1.5
3.0729,37.0,5.396491,1.045614,867.0,3.042105,32.62,-117.09,1.287
4.6477,38.0,5.037288,0.911864,745.0,2.525424,32.64,-117.07,1.504
4.125,37.0,5.525,0.975,612.0,2.55,32.63,-117.06,1.602
5.1538,23.0,6.781659,0.943231,778.0,3.39738,32.61,-117.03,1.713
6.0086,22.0,6.763158,0.973684,523.0,3.440789,32.61,-117.03,1.669
5.5248,22.0,6.141361,0.994764,1217.0,3.185864,32.68,-116.98,1.563
4.9792,11.0,6.400826,1.012397,1391.0,2.873967,32.64,-117.0,1.704
5.7789,13.0,6.324242,0.948485,1165.0,3.530303,32.63,-117.03,2.277
4.3088,34.0,5.896359,0.952381,973.0,2.72549,32.75,-117.01,1.525
2.1362,10.0,4.362286,1.077714,2352.0,2.688,32.72,-117.0,1.432
3.7763,36.0,5.686275,1.033613,1142.0,3.19888,32.72,-117.02,1.269
3.5861,38.0,5.127625,0.978998,1557.0,2.515347,32.73,-117.03,1.236
3.5938,38.0,4.712766,0.93617,505.0,2.68617,32.72,-117.03,1.254
3.0588,37.0,4.914798,1.020179,1515.0,3.396861,32.72,-117.03,1.206
3.5492,25.0,4.946043,0.960432,1032.0,3.71223,32.73,-117.04,1.254
3.9485,35.0,6.271795,1.054701,1694.0,2.895726,32.72,-117.05,1.339
2.7014,43.0,5.113095,1.02381,826.0,2.458333,32.75,-117.05,1.337
3.141,43.0,5.0736,1.064,1534.0,2.4544,32.76,-117.04,1.414
6.3191,25.0,7.990338,1.016908,1201.0,2.900966,32.77,-116.95,3.034
2.6087,19.0,4.365747,1.005806,2341.0,3.397678,32.79,-116.96,1.238
2.1422,19.0,3.799517,1.137681,844.0,2.038647,32.81,-116.97,1.25
3.3669,23.0,5.091603,1.007634,1510.0,2.881679,32.81,-116.92,1.589
2.6429,18.0,5.184322,0.987288,1573.0,3.332627,32.81,-116.93,1.254
3.1106,31.0,5.388186,1.236287,698.0,2.945148,32.81,-116.95,1.477
2.9097,8.0,3.817014,1.024077,1410.0,2.263242,32.81,-116.96,1.525
2.136,8.0,4.106036,1.030995,1686.0,2.750408,32.81,-116.94,1.435
3.8024,18.0,5.105882,0.994958,1904.0,3.2,32.82,-116.95,1.449
5.131,17.0,6.071104,1.018154,2263.0,3.423601,32.84,-117.02,1.483
2.5388,15.0,3.887173,1.062945,1872.0,2.223278,32.85,-116.93,1.19
2.7069,18.0,5.065919,1.033661,1864.0,2.614306,32.84,-116.9,1.538
5.3008,16.0,6.106212,0.991984,1507.0,3.02004,32.9,-116.96,1.865
5.5882,17.0,7.009194,1.015559,4763.0,3.368458,32.97,-117.05,1.943
3.7784,25.0,5.928571,1.037267,1043.0,3.23913,32.95,-117.02,1.601
7.0913,23.0,5.95,0.908824,678.0,1.994118,33.03,-117.06,2.654
6.53,10.0,7.060274,0.950685,1193.0,3.268493,33.04,-117.08,2.641
6.0857,5.0,6.208558,1.034483,6600.0,2.742002,32.93,-117.08,3.083
5.2463,16.0,5.957031,1.091797,1444.0,2.820312,32.96,-117.12,1.563
6.0862,9.0,6.379167,1.008333,850.0,3.541667,32.97,-117.11,2.636
11.1118,18.0,8.42766,1.087234,1541.0,3.278723,33.01,-117.23,5.00001
15.0001,17.0,8.520376,1.021944,1011.0,3.169279,32.99,-117.23,5.00001
4.7179,13.0,5.020175,1.089474,2450.0,2.149123,33.02,-117.27,3.767
6.3525,18.0,6.332386,0.982955,1088.0,3.090909,33.04,-117.26,2.783
6.9326,6.0,7.314775,1.055675,1319.0,2.824411,33.03,-117.25,3.246
3.9826,25.0,5.745981,1.0,1108.0,3.562701,33.03,-117.27,2.158
3.5313,16.0,5.384615,1.064904,1104.0,2.653846,33.03,-117.27,1.487
3.55,27.0,4.55198,0.970297,1302.0,3.222772,33.04,-117.27,2.146
2.9083,15.0,4.522388,1.096336,1371.0,1.860244,33.05,-117.27,1.224
4.0791,11.0,5.878902,1.098493,4773.0,2.568891,33.17,-117.33,2.813
3.625,36.0,5.108527,1.093023,812.0,2.098191,33.17,-117.35,1.98
1.9386,17.0,4.406103,1.36385,1288.0,3.023474,33.2,-117.38,1.063
4.25,24.0,5.322148,0.879195,912.0,3.060403,33.21,-117.35,1.503
3.9875,32.0,5.392241,0.948276,700.0,3.017241,33.2,-117.35,1.429
5.276,23.0,6.84556,1.067568,1533.0,2.959459,33.19,-117.34,2.245
4.3762,11.0,6.086603,1.090671,8738.0,2.539378,33.19,-117.31,2.155
2.0147,16.0,4.598997,1.077694,599.0,1.501253,33.18,-117.31,0.877
3.8958,4.0,6.631769,1.036101,934.0,3.371841,33.23,-117.35,1.898
2.675,18.0,6.026369,1.229209,2051.0,4.160243,33.21,-117.35,1.171
3.8156,13.0,6.52234,1.106383,4049.0,4.307447,33.28,-117.28,1.507
4.1713,23.0,6.356061,1.041667,1227.0,4.647727,33.26,-117.3,1.338
2.9386,13.0,5.221839,1.012644,2298.0,2.641379,33.24,-117.33,1.434
5.1786,16.0,6.860714,1.114286,862.0,3.078571,33.28,-117.17,3.768
2.0956,17.0,4.1491,1.107969,1031.0,2.650386,33.38,-117.25,1.344
5.5395,14.0,6.256579,1.111842,848.0,2.789474,33.46,-117.34,2.733
3.8547,17.0,5.664706,1.15098,1931.0,3.786275,33.39,-117.14,2.083
2.2393,16.0,5.409259,1.183333,1838.0,3.403704,33.31,-116.95,1.17
3.7644,14.0,5.756957,1.055659,1704.0,3.16141,33.26,-117.05,2.647
4.9375,11.0,5.574861,1.110906,1727.0,3.192237,33.27,-117.12,2.328
4.7647,12.0,6.24127,1.060317,3129.0,3.311111,33.26,-116.98,2.541
2.7961,10.0,4.352442,1.004246,1302.0,2.764331,33.2,-117.25,1.313
3.6181,21.0,5.076115,1.013123,861.0,2.259843,33.21,-117.23,2.138
5.04,22.0,7.160944,1.111588,1288.0,2.763948,33.2,-117.21,2.537
2.7019,16.0,4.957096,1.082508,1948.0,3.214521,33.19,-117.22,2.169
2.9469,4.0,4.297248,1.091743,1518.0,2.785321,33.19,-117.26,2.161
3.1667,17.0,4.886905,1.047619,436.0,2.595238,33.18,-117.29,1.606
2.1205,16.0,5.579926,1.098513,842.0,1.565056,33.18,-117.28,1.573
6.2096,14.0,5.365079,0.936508,384.0,3.047619,33.18,-117.28,1.781
4.8526,16.0,5.953069,1.00361,993.0,3.584838,33.14,-117.13,1.707
4.1641,16.0,6.404494,1.018727,1025.0,3.838951,33.14,-117.12,1.636
5.311,8.0,6.464097,1.086168,3335.0,2.520786,33.12,-117.25,2.558
6.0336,10.0,6.260323,0.978456,1410.0,2.531418,33.11,-117.24,2.403
3.9464,14.0,5.986971,1.172638,1176.0,1.915309,33.1,-117.25,1.719
6.3373,7.0,6.927083,1.113281,2015.0,2.623698,33.09,-117.23,2.796
5.3905,12.0,7.094972,1.136872,1958.0,2.734637,33.08,-117.26,2.996
5.4819,12.0,5.759346,0.962617,1226.0,2.864486,33.17,-117.1,1.838
4.8554,11.0,6.490276,1.054248,2697.0,2.760491,33.16,-117.08,2.067
3.4764,13.0,4.711905,1.029762,1981.0,2.358333,33.15,-117.09,1.375
4.7566,23.0,5.762918,0.948328,1988.0,3.021277,33.09,-117.08,1.783
2.2,28.0,3.719361,1.039076,1556.0,2.763766,33.11,-117.08,1.277
2.4122,12.0,4.637051,1.132325,1251.0,2.364839,33.12,-117.07,1.27
5.2323,22.0,6.70442,1.077348,1099.0,3.035912,33.13,-117.05,1.675
5.4155,5.0,7.117942,1.072773,2592.0,3.252196,33.01,-116.84,1.992
4.6518,17.0,5.811594,0.985507,251.0,3.637681,33.02,-116.86,1.702
3.875,11.0,9.375465,2.0,616.0,2.289963,33.04,-116.61,1.981
1.9875,17.0,5.076087,1.543478,452.0,2.456522,33.07,-116.26,0.837
4.3472,52.0,5.256,1.268,473.0,1.892,37.81,-122.42,5.00001
3.2356,50.0,3.502809,1.026685,958.0,1.345506,37.8,-122.42,5.00001
4.775,52.0,4.151786,1.283482,679.0,1.515625,37.8,-122.4,5.00001
4.2015,52.0,4.163022,1.129225,920.0,1.829026,37.8,-122.4,4.125
4.3472,52.0,4.296467,1.052227,1156.0,1.77573,37.8,-122.42,5.00001
2.0987,52.0,3.211799,1.078337,1576.0,1.524178,37.8,-122.42,4.583
3.5066,52.0,5.013921,1.262181,904.0,2.097448,37.79,-122.41,3.5
3.2059,52.0,3.447947,1.228271,1504.0,1.436485,37.79,-122.41,5.00001
2.3304,26.0,1.824719,1.139326,628.0,1.411236,37.78,-122.42,5.00001
5.0376,52.0,8.564179,1.773134,500.0,1.492537,37.8,-122.44,5.00001
4.1047,52.0,3.935484,1.052109,1259.0,1.562035,37.8,-122.43,4.667
4.0417,52.0,4.791667,1.118056,553.0,1.920139,37.8,-122.43,5.00001
2.6607,52.0,3.123134,1.113184,1202.0,1.495025,37.79,-122.42,0.875
0.9355,24.0,3.482051,1.189744,1371.0,2.34359,37.78,-122.43,1.125
3.0906,52.0,3.940503,1.064073,885.0,2.025172,37.77,-122.45,5.00001
2.3977,52.0,4.211055,1.221106,1428.0,2.39196,37.77,-122.43,4.125
4.4085,52.0,4.685619,1.060201,2023.0,1.691472,37.77,-122.44,4.0
3.575,52.0,4.843505,1.067293,1269.0,1.985915,37.77,-122.45,5.00001
4.5052,52.0,4.942284,1.069009,1737.0,2.179423,37.77,-122.45,5.00001
4.7105,3.0,3.769314,1.282916,1441.0,1.568009,37.78,-122.39,2.75
4.6563,52.0,3.481481,0.888889,113.0,4.185185,37.79,-122.39,3.5
1.3365,37.0,2.317774,1.055655,1846.0,3.314183,37.76,-122.42,2.25
4.2569,52.0,4.898129,1.04158,909.0,1.889813,37.76,-122.43,4.554
3.3937,52.0,4.095725,1.107807,2280.0,2.118959,37.76,-122.42,2.7
4.2667,46.0,5.256055,1.00692,573.0,1.982699,37.75,-122.44,3.388
4.2672,23.0,5.251252,1.059265,2818.0,2.352254,37.74,-122.44,3.919
4.5375,23.0,4.6,1.1,118.0,2.95,37.74,-122.44,3.5
5.0782,52.0,4.853774,0.966981,461.0,2.174528,37.73,-122.43,3.108
1.9944,52.0,6.04661,1.190678,620.0,2.627119,37.76,-122.41,2.625
3.0774,52.0,4.997984,1.038306,1816.0,3.66129,37.76,-122.41,3.0
2.1667,38.0,5.237736,1.041509,871.0,3.286792,37.73,-122.38,1.938
3.6607,45.0,5.407477,1.065421,1923.0,3.594393,37.72,-122.39,1.923
4.3125,52.0,4.242424,1.019284,1136.0,3.129477,37.74,-122.42,2.43
4.3125,52.0,4.836512,0.945504,1102.0,3.002725,37.72,-122.44,2.672
4.5769,35.0,5.891447,1.059211,988.0,3.25,37.73,-122.42,2.545
3.7835,52.0,5.424157,1.005618,1092.0,3.067416,37.73,-122.41,2.713
5.0201,31.0,5.042553,0.938298,1524.0,3.242553,37.71,-122.44,2.641
3.495,49.0,4.143177,0.959732,1615.0,3.612975,37.71,-122.41,2.178
2.8711,48.0,4.4197,1.036403,1055.0,2.259101,37.76,-122.47,3.296
5.482,49.0,6.131696,1.053571,1281.0,2.859375,37.75,-122.47,3.663
9.3603,51.0,6.765586,0.987531,1090.0,2.718204,37.75,-122.47,5.00001
5.5622,43.0,5.939005,1.097913,1488.0,2.388443,37.73,-122.44,3.136
5.3961,52.0,6.687117,1.0,856.0,2.625767,37.74,-122.46,4.169
5.9245,52.0,7.487719,0.97193,936.0,3.284211,37.73,-122.47,4.846
5.9114,46.0,6.07947,1.056291,767.0,2.539735,37.72,-122.47,3.99
6.8322,52.0,7.320122,1.054878,812.0,2.47561,37.73,-122.46,3.941
3.3208,47.0,4.318296,0.974937,1216.0,3.047619,37.72,-122.46,2.386
4.3393,52.0,5.272537,1.035639,1583.0,3.318658,37.75,-122.48,3.176
4.131,52.0,5.854054,1.143243,1072.0,2.897297,37.74,-122.48,3.143
5.1681,52.0,6.91342,1.038961,566.0,2.450216,37.73,-122.48,5.00001
4.1116,45.0,4.108187,0.988304,733.0,2.143275,37.72,-122.48,1.875
3.7083,52.0,4.358531,0.911447,1142.0,2.466523,37.76,-122.5,3.077
3.96,45.0,4.944099,1.009317,920.0,2.857143,37.76,-122.54,2.722
3.0265,52.0,4.374368,1.048904,1421.0,2.39629,37.78,-122.46,3.5
2.7431,51.0,3.857143,1.002597,880.0,2.285714,37.78,-122.47,3.071
2.8125,52.0,5.022989,1.206897,194.0,2.229885,37.79,-122.47,5.00001
3.9688,52.0,5.135776,1.028017,990.0,2.133621,37.79,-122.47,4.833
3.2396,52.0,4.021569,1.082353,1400.0,2.745098,37.78,-122.46,3.75
3.5588,50.0,5.177458,1.047962,1111.0,2.664269,37.78,-122.48,3.464
3.5833,52.0,5.158192,1.071563,1312.0,2.47081,37.77,-122.5,3.229
15.0001,52.0,8.0,1.0,13.0,13.0,37.79,-122.5,5.00001
10.2264,52.0,4.666667,0.888889,37.0,1.37037,37.74,-122.39,2.25
1.2904,46.0,3.081081,0.990991,1109.0,3.33033,37.95,-121.28,0.633
2.2024,9.0,3.492228,1.253886,575.0,2.979275,37.95,-121.3,0.45
1.7212,43.0,3.868056,1.145833,573.0,3.979167,37.95,-121.27,0.59
1.7386,38.0,4.129032,1.072581,676.0,5.451613,37.94,-121.27,0.52
1.2625,40.0,4.61244,1.100478,742.0,3.550239,37.95,-121.32,0.43
1.3417,40.0,4.659794,1.123711,412.0,4.247423,37.94,-121.3,0.608
3.1845,47.0,4.761905,0.963585,922.0,2.582633,37.96,-121.32,0.872
2.7656,5.0,6.15,1.05,50.0,2.5,37.96,-121.32,0.5
3.6667,45.0,5.891403,1.027149,988.0,2.235294,37.97,-121.31,1.231
1.1141,39.0,4.566964,1.084821,550.0,2.455357,37.97,-121.27,0.544
3.0352,41.0,5.400901,1.009009,1143.0,2.574324,37.97,-121.26,0.698
1.7898,35.0,4.970395,1.039474,892.0,2.934211,37.96,-121.26,0.635
1.725,44.0,4.47541,1.005464,677.0,3.699454,37.95,-121.26,0.593
2.4412,30.0,5.441026,1.179487,851.0,4.364103,37.92,-121.28,0.616
1.69,31.0,5.290323,1.154839,576.0,3.716129,37.91,-121.28,0.659
2.875,37.0,4.400749,0.973783,951.0,3.561798,37.96,-121.24,0.577
1.5539,44.0,5.066667,1.087356,1277.0,2.935632,37.96,-121.23,0.592
3.2889,32.0,5.061086,1.050905,2177.0,2.46267,38.0,-121.33,0.989
2.5,15.0,4.581967,1.105533,1837.0,1.882172,37.99,-121.33,1.759
5.5842,5.0,6.929147,0.987118,2206.0,3.552335,38.04,-121.35,1.591
5.0285,9.0,6.173789,1.054131,1290.0,3.675214,38.04,-121.36,1.482
5.7201,8.0,7.867769,1.053719,895.0,3.698347,38.03,-121.35,1.557
4.1739,16.0,5.981061,0.975379,1596.0,3.022727,38.03,-121.35,1.313
4.5,30.0,5.533333,0.977778,167.0,3.711111,38.04,-121.32,0.928
3.7413,24.0,5.555556,1.034608,1743.0,3.174863,38.03,-121.31,1.053
3.2788,29.0,5.262069,1.032184,1215.0,2.793103,38.01,-121.3,1.0
3.9792,19.0,5.896104,1.025974,306.0,1.987013,38.0,-121.31,1.319
4.0227,10.0,6.346847,1.117117,782.0,3.522523,38.03,-121.3,1.077
5.0362,27.0,6.480916,1.045802,373.0,2.847328,37.98,-121.23,1.813
3.6389,28.0,6.0,1.082969,769.0,3.358079,37.97,-121.17,1.304
2.5625,35.0,6.966102,1.254237,193.0,3.271186,37.96,-121.18,1.469
2.9,38.0,5.947368,1.157895,125.0,3.289474,37.9,-121.31,1.25
5.5942,5.0,6.715203,1.072805,1327.0,2.841542,38.13,-121.32,1.869
2.515,34.0,5.319149,1.195035,674.0,2.390071,38.14,-121.29,1.108
2.0875,25.0,3.933642,1.041667,2053.0,3.16821,38.13,-121.26,0.831
3.3929,28.0,5.673961,1.065646,1365.0,2.986871,38.22,-121.24,1.13
4.4213,11.0,7.345936,1.132325,1605.0,3.034026,37.74,-121.11,1.827
4.1833,22.0,6.564232,1.035264,1252.0,3.153652,37.76,-121.11,1.921
2.7443,31.0,4.111765,1.094118,460.0,2.705882,37.8,-121.21,0.942
3.5365,22.0,5.368201,1.07113,3082.0,12.895397,37.88,-121.17,1.118
3.8472,35.0,6.296482,1.020101,1316.0,3.306533,37.82,-121.17,1.976
2.7083,16.0,5.118785,1.077348,1013.0,2.798343,37.79,-121.27,1.739
4.6821,8.0,5.393305,0.983264,867.0,3.627615,37.82,-121.23,1.385
3.7292,6.0,4.583333,1.083333,69.0,2.875,37.8,-121.29,4.75
4.15,20.0,5.708861,1.006329,1236.0,2.607595,37.74,-121.4,3.224
4.3696,7.0,6.527931,1.127459,4189.0,3.29583,37.71,-121.42,1.707
4.8021,45.0,5.927536,1.043478,340.0,2.463768,37.74,-121.42,1.335
2.1424,30.0,4.927835,1.162371,1065.0,2.744845,37.75,-121.43,1.25
2.9955,40.0,4.427835,1.007732,1312.0,3.381443,37.73,-121.43,1.347
5.9934,2.0,9.896679,1.450185,883.0,3.258303,37.73,-121.42,1.967
3.23,11.0,11.900794,2.246032,1825.0,2.414021,35.76,-120.93,1.543
2.3075,27.0,5.244745,1.364865,1481.0,2.223724,35.38,-120.85,1.842
3.3958,12.0,5.320242,1.031722,1780.0,2.688822,35.32,-120.82,2.158
3.2226,11.0,4.927273,1.062121,1814.0,2.748485,35.32,-120.83,1.832
3.1818,36.0,6.510067,1.057047,850.0,2.852349,35.29,-120.65,2.496
1.9647,23.0,4.09322,1.03178,1380.0,2.923729,35.29,-120.66,2.536
6.3144,28.0,6.921191,1.036778,1469.0,2.57268,35.28,-120.62,3.288
2.084,39.0,3.611018,1.088481,1153.0,1.924875,35.29,-120.66,2.333
2.6208,52.0,3.820339,1.088136,1237.0,2.09661,35.27,-120.65,2.271
5.0267,5.0,6.086897,1.108966,2003.0,2.762759,35.24,-120.52,2.533
4.849,7.0,6.618212,1.204678,2863.0,2.391813,35.15,-120.64,2.75
2.8824,39.0,5.223975,1.050473,866.0,2.731861,35.12,-120.57,1.952
3.155,25.0,5.41159,1.078752,1729.0,2.569094,35.11,-120.59,2.054
3.4509,22.0,5.63575,1.086003,1342.0,2.263069,35.12,-120.6,2.177
3.5744,20.0,5.070376,0.934534,1449.0,2.371522,35.11,-120.59,1.978
3.5682,10.0,6.100875,1.023907,4660.0,2.717201,35.03,-120.5,2.773
3.3438,18.0,5.622596,1.064904,1097.0,2.637019,35.48,-120.67,1.761
5.2508,12.0,7.138249,1.043779,1433.0,3.301843,35.5,-120.71,2.929
4.0125,46.0,4.484663,1.02045,1814.0,3.709611,37.7,-122.45,2.301
3.5035,37.0,3.938697,1.05364,904.0,3.463602,37.7,-122.46,2.386
5.0659,35.0,5.106157,0.978769,1583.0,3.360934,37.68,-122.49,2.38
4.5337,31.0,5.52439,1.052846,2544.0,3.447154,37.68,-122.47,3.067
4.4286,35.0,5.061856,1.010309,274.0,2.824742,37.67,-122.45,2.386
4.1303,16.0,3.302644,1.078355,2049.0,2.006856,37.67,-122.46,1.465
5.4221,15.0,5.076795,1.071786,3861.0,3.222871,37.66,-122.46,2.847
3.6667,40.0,4.299003,1.023256,1177.0,3.910299,37.66,-122.41,2.188
4.5938,17.0,5.28979,1.004505,2150.0,3.228228,37.64,-122.46,2.512
4.1827,31.0,5.915556,1.088889,598.0,2.657778,37.59,-122.55,3.455
4.5556,34.0,5.710074,0.990172,2282.0,2.80344,37.57,-122.48,2.49
4.7,37.0,6.118033,0.983607,822.0,2.695082,37.61,-122.42,3.413
6.3443,39.0,5.50813,0.869919,682.0,2.772358,37.62,-122.42,3.247
4.0238,44.0,4.832836,1.080597,1064.0,3.176119,37.62,-122.4,2.242
4.1364,31.0,5.414933,1.020808,1915.0,2.343941,37.6,-122.41,4.12
6.3719,26.0,6.972152,1.017722,1128.0,2.855696,37.6,-122.41,4.669
6.2306,22.0,5.749478,0.995825,1163.0,2.427975,37.59,-122.4,5.00001
6.0374,33.0,6.811881,0.986799,813.0,2.683168,37.59,-122.39,5.00001
6.471,52.0,6.729373,0.986799,772.0,2.547855,37.58,-122.38,5.00001
4.2407,39.0,4.769369,1.10991,1254.0,2.259459,37.57,-122.34,4.338
12.4291,34.0,9.666667,1.121864,810.0,2.903226,37.58,-122.37,5.00001
11.6833,21.0,8.497636,1.033097,2440.0,2.884161,37.56,-122.37,5.00001
13.3913,25.0,8.869048,1.027778,1507.0,2.990079,37.55,-122.34,5.00001
8.2598,52.0,7.094708,1.038997,876.0,2.440111,37.57,-122.34,5.00001
3.9728,28.0,4.433806,1.121749,1691.0,1.998818,37.57,-122.34,3.0
6.7042,18.0,6.197241,1.048276,1784.0,2.46069,37.53,-122.33,4.13
2.9405,39.0,4.348531,1.111449,1758.0,1.781155,37.54,-122.3,3.405
4.75,46.0,6.079602,0.987562,952.0,2.368159,37.54,-122.31,3.882
2.6159,45.0,3.647482,1.007194,305.0,2.194245,37.55,-122.31,2.729
4.2955,45.0,5.366242,1.022293,815.0,2.595541,37.56,-122.31,3.097
4.7917,36.0,5.124629,1.008902,952.0,2.824926,37.56,-122.31,3.16
5.3683,34.0,5.817869,0.965636,846.0,2.907216,37.56,-122.29,3.394
6.1228,17.0,6.665079,0.998413,2020.0,3.206349,37.55,-122.28,3.757
4.8047,15.0,4.933515,1.091985,2593.0,2.361566,37.53,-122.28,4.38
6.8787,38.0,6.125203,0.980488,1455.0,2.365854,37.52,-122.29,3.868
5.3264,46.0,4.941176,1.095588,351.0,2.580882,37.51,-122.26,2.581
6.912,29.0,6.61563,1.012759,1638.0,2.61244,37.49,-122.28,4.572
5.6038,34.0,6.626488,1.014881,1805.0,2.686012,37.48,-122.26,4.513
7.0001,26.0,6.960165,1.03022,1996.0,2.741758,37.46,-122.26,5.00001
6.8879,44.0,8.717172,1.151515,281.0,2.838384,37.47,-122.28,5.00001
6.2007,4.0,5.76957,1.222712,1690.0,1.863286,37.53,-122.26,3.118
3.3015,33.0,4.334728,1.122734,1895.0,2.642957,37.48,-122.23,2.677
5.9285,17.0,6.513064,1.047506,986.0,2.342043,37.45,-122.26,4.96
7.7932,29.0,6.573171,0.955285,758.0,3.081301,37.45,-122.23,4.699
15.0001,40.0,9.802326,1.135659,831.0,3.22093,37.46,-122.18,5.00001
3.7917,36.0,5.579088,1.104558,1931.0,5.176944,37.47,-122.14,1.606
2.0096,38.0,4.445993,1.094077,955.0,3.327526,37.45,-122.12,1.557
9.459,47.0,8.198582,1.177305,1044.0,3.702128,37.46,-122.17,5.00001
4.4531,33.0,4.835979,1.047619,766.0,2.026455,37.45,-122.17,5.00001
4.0,37.0,4.159019,1.075949,2128.0,1.683544,37.45,-122.18,3.943
9.7796,20.0,6.678082,0.917808,324.0,2.219178,37.43,-122.21,5.00001
13.2986,17.0,7.299528,1.042453,1173.0,2.766509,37.35,-122.2,5.00001
5.1831,26.0,2.018349,0.926606,322.0,1.477064,37.37,-122.22,3.5
6.3256,15.0,6.459813,1.018692,1527.0,2.854206,37.54,-122.49,3.68
7.439,21.0,6.494585,1.057762,576.0,2.079422,37.46,-122.34,5.00001
2.4717,24.0,4.367852,1.014683,2312.0,1.786708,34.44,-119.77,2.953
5.8635,24.0,7.226316,1.139474,1076.0,2.831579,34.45,-119.79,3.487
5.9522,26.0,6.196522,1.006957,1479.0,2.572174,34.5,-119.75,4.384
3.4047,26.0,4.481053,1.085263,1861.0,1.958947,34.44,-119.74,2.945
2.5694,27.0,3.14377,0.955272,777.0,2.482428,34.43,-119.72,2.75
3.6719,46.0,4.296774,1.06129,746.0,2.406452,34.43,-119.72,3.574
2.6014,36.0,3.802632,1.016447,521.0,1.713816,34.43,-119.72,3.206
5.8311,37.0,5.884454,1.044118,1150.0,2.415966,34.43,-119.69,3.877
2.0643,37.0,3.751121,0.995516,1477.0,3.311659,34.42,-119.67,2.467
1.4851,52.0,3.190972,1.201389,851.0,1.477431,34.42,-119.71,2.375
2.6983,49.0,4.586895,1.054131,961.0,2.737892,34.42,-119.72,2.601
4.1062,52.0,4.611111,1.058824,1091.0,3.565359,34.42,-119.71,2.529
2.8042,19.0,3.935849,1.084906,1701.0,3.209434,34.41,-119.7,2.361
2.6103,44.0,4.06734,1.20202,603.0,2.030303,34.41,-119.69,5.0
5.3279,23.0,5.731092,0.953782,638.0,2.680672,34.42,-119.73,4.139
5.4127,25.0,6.041791,0.931343,907.0,2.707463,34.42,-119.73,3.928
4.4375,29.0,6.576208,1.104089,703.0,2.613383,34.41,-119.73,3.5
5.345,32.0,5.135417,0.996528,830.0,2.881944,34.38,-119.74,3.226
5.3963,33.0,7.509395,1.083507,1207.0,2.519833,34.45,-119.61,5.00001
3.9224,17.0,5.002167,1.063922,2303.0,2.495125,34.39,-119.49,2.306
5.5194,18.0,7.543175,1.064067,988.0,2.752089,34.62,-120.09,3.67
2.8906,11.0,7.918919,1.689189,317.0,4.283784,34.61,-120.09,0.844
6.7694,9.0,7.675676,1.019656,1169.0,2.872236,34.88,-120.44,2.751
4.8185,26.0,5.96,0.9625,1323.0,3.3075,34.85,-120.4,1.579
3.9375,24.0,7.662722,1.195266,1093.0,3.233728,34.87,-120.33,3.412
4.1058,30.0,6.368,1.048,1117.0,2.978667,34.9,-120.43,1.64
5.0113,22.0,6.935484,1.024194,1149.0,3.08871,34.88,-120.43,1.586
4.6648,21.0,6.036827,0.932011,1094.0,3.09915,34.87,-120.43,1.93
3.9871,26.0,6.387218,1.022556,799.0,3.003759,34.87,-120.43,1.577
1.7431,52.0,5.039855,1.039855,632.0,2.289855,34.95,-120.42,1.315
2.3506,50.0,4.878412,1.024814,985.0,2.444169,34.95,-120.43,1.361
3.6815,43.0,6.516129,1.109677,692.0,2.232258,34.95,-120.43,1.818
4.2125,16.0,5.820253,1.020253,1245.0,3.151899,34.96,-120.41,1.483
3.0723,6.0,6.269859,1.213275,2551.0,2.775843,34.98,-120.47,1.373
2.6531,29.0,5.12743,1.213823,1617.0,3.492441,34.96,-120.44,1.083
2.5556,11.0,5.825112,1.255605,1158.0,5.192825,34.96,-120.45,1.292
2.0995,15.0,3.43083,0.964427,1133.0,4.478261,34.93,-120.44,0.875
1.8185,23.0,4.026786,1.026786,1322.0,3.934524,34.97,-120.54,0.978
2.0819,10.0,3.910584,1.082117,1167.0,2.129562,34.65,-120.46,1.033
1.975,30.0,4.808917,1.087049,1402.0,2.976645,34.65,-120.44,1.34
1.9257,27.0,4.203036,1.096774,1544.0,2.929791,34.65,-120.45,1.353
3.1442,21.0,4.709163,0.968127,733.0,2.920319,34.65,-120.45,1.316
4.5417,22.0,5.561102,0.944923,1739.0,2.993115,34.66,-120.44,1.424
3.0081,5.0,4.699029,1.135922,1302.0,2.106796,34.66,-120.46,1.352
4.9292,17.0,6.802885,1.033654,1035.0,2.487981,34.71,-120.46,2.072
4.7946,18.0,7.049057,1.188679,747.0,2.818868,34.69,-120.37,2.906
6.2685,6.0,8.010989,1.014652,697.0,2.553114,34.68,-120.44,3.074
6.0321,17.0,6.493939,0.981818,1073.0,3.251515,34.44,-119.92,4.026
6.5173,24.0,6.452632,0.994737,1554.0,2.726316,34.45,-119.81,3.34
5.1271,22.0,6.018868,1.044811,1066.0,2.514151,34.43,-119.77,3.425
4.1797,25.0,4.786408,1.016181,977.0,3.161812,34.44,-119.79,2.718
3.7396,30.0,4.628302,1.081132,1845.0,3.481132,37.36,-121.88,2.107
3.25,42.0,3.413115,1.02623,1396.0,2.288525,37.35,-121.9,1.853
2.5,52.0,4.804762,1.1,929.0,4.42381,37.33,-121.9,1.625
2.8798,6.0,2.684022,0.991023,1087.0,1.951526,37.33,-121.89,2.25
2.5673,48.0,3.683962,1.035377,1469.0,3.464623,37.35,-121.89,1.775
2.1714,46.0,3.235135,1.124324,898.0,2.427027,37.34,-121.89,1.906
2.6667,52.0,5.652174,1.038647,604.0,2.917874,37.34,-121.87,3.259
2.6312,52.0,3.819383,1.022026,1264.0,5.568282,37.34,-121.88,3.029
2.9222,27.0,3.664921,1.084817,3019.0,3.161257,37.35,-121.87,1.537
2.1149,43.0,5.364078,1.169903,982.0,4.76699,37.32,-121.89,1.849
3.7738,48.0,4.378007,1.075601,971.0,3.33677,37.32,-121.9,2.206
4.0524,13.0,4.074949,1.047265,2946.0,1.989196,37.31,-121.92,2.139
4.7287,46.0,5.172881,0.994915,1373.0,2.327119,37.31,-121.91,3.4
4.537,39.0,5.711811,1.048819,1531.0,2.411024,37.3,-121.9,3.459
5.3955,47.0,5.502336,0.995327,961.0,2.245327,37.3,-121.89,2.823
5.0662,46.0,6.224057,1.056604,938.0,2.212264,37.3,-121.89,3.316
4.6758,21.0,5.451064,1.015603,1850.0,2.624113,37.26,-121.94,2.642
5.2894,16.0,5.348711,1.016282,1894.0,2.569878,37.25,-121.94,3.328
2.8125,39.0,6.766871,1.07362,446.0,2.736196,37.26,-121.93,2.913
4.5208,33.0,5.510549,1.092827,762.0,3.21519,37.26,-121.92,2.307
4.1033,28.0,4.702332,1.032922,1753.0,2.404664,37.27,-121.93,2.81
6.4285,29.0,6.949569,1.00492,2098.0,2.580566,37.28,-121.91,3.373
4.6845,20.0,5.187323,1.020814,2892.0,2.736045,37.25,-121.9,2.5
6.0791,23.0,6.11991,1.015837,1180.0,2.669683,37.25,-121.89,3.165
3.8047,13.0,4.079741,1.049569,1018.0,2.193966,37.26,-121.88,2.047
4.7069,26.0,5.135693,0.952802,1007.0,2.970501,37.25,-121.89,2.348
2.7411,14.0,4.285714,1.47619,134.0,1.595238,37.3,-121.87,1.125
2.3971,17.0,4.654867,1.05531,1476.0,1.632743,37.28,-121.85,0.875
5.6058,19.0,6.033999,1.022666,7817.0,4.218564,37.31,-121.83,2.327
6.6633,10.0,6.289272,1.05364,2491.0,4.772031,37.33,-121.79,2.837
4.7027,14.0,4.95174,1.037037,2698.0,3.028058,37.32,-121.8,2.276
5.1149,22.0,5.696891,0.935233,1270.0,3.290155,37.31,-121.79,2.357
4.375,29.0,4.981289,0.939709,2000.0,4.158004,37.35,-121.81,1.855
5.2297,27.0,6.156658,1.083551,1562.0,4.078329,37.35,-121.8,1.928
2.8,43.0,4.302521,1.039216,1256.0,3.518207,37.35,-121.86,1.533
2.5769,27.0,3.787724,1.046036,1505.0,3.849105,37.34,-121.85,1.375
2.7562,29.0,4.529639,1.039948,3572.0,4.603093,37.35,-121.85,1.601
4.0452,11.0,3.474465,0.975288,2744.0,4.520593,37.36,-121.85,2.059
5.5592,31.0,6.284414,1.039818,2848.0,3.240046,37.39,-121.84,2.299
3.2279,43.0,5.662791,1.100775,800.0,3.100775,37.37,-121.83,1.824
7.2861,24.0,6.206452,0.941935,492.0,3.174194,37.37,-121.81,3.28
5.5429,16.0,6.214421,1.003795,1863.0,3.535104,37.38,-121.87,2.691
3.7153,16.0,3.214458,0.937349,1103.0,2.657831,37.39,-121.87,2.298
6.8677,25.0,6.785455,0.985455,840.0,3.054545,37.4,-121.84,2.885
5.716,27.0,7.15625,0.9375,492.0,3.075,37.4,-121.83,3.483
4.375,2.0,4.420233,1.420233,535.0,2.081712,37.39,-121.89,4.25
15.0001,43.0,5.6875,0.75,58.0,3.625,37.46,-121.87,5.00001
5.0808,24.0,5.008264,1.03719,799.0,3.301653,37.44,-121.91,2.125
3.1439,24.0,4.599291,1.053191,441.0,1.56383,37.4,-122.01,0.475
4.7049,16.0,5.118336,1.024707,1910.0,2.483745,37.42,-121.94,1.125
3.1563,42.0,6.1875,1.0,158.0,4.9375,37.36,-121.92,1.375
4.2837,16.0,4.214047,1.10786,3150.0,2.633779,37.36,-121.96,2.645
3.2048,33.0,4.229068,1.017378,1469.0,2.320695,37.36,-121.99,2.618
4.375,25.0,4.504425,0.958702,707.0,2.085546,37.35,-121.99,2.122
4.75,37.0,5.235632,0.945402,845.0,2.428161,37.33,-121.94,2.511
4.2136,26.0,4.696839,1.132184,1427.0,2.050287,37.33,-121.96,2.883
5.273,27.0,5.399356,1.05153,1571.0,2.529791,37.34,-121.99,3.156
5.1506,21.0,5.42979,1.027559,3636.0,2.385827,37.33,-121.97,3.021
4.2531,17.0,4.437443,1.156845,4748.0,2.152312,37.32,-121.98,2.798
5.8127,34.0,5.424,0.957333,1016.0,2.709333,37.31,-121.98,2.883
3.0079,25.0,4.170229,1.031298,2758.0,2.105344,37.3,-121.97,2.773
4.3081,20.0,4.19861,0.999007,2334.0,2.317776,37.3,-121.96,2.273
3.4505,30.0,4.531553,0.98665,1834.0,2.225728,37.29,-121.95,2.6
3.2287,31.0,4.166667,1.006061,1459.0,2.210606,37.29,-121.98,2.649
5.3294,25.0,5.527665,1.002699,2027.0,2.735493,37.29,-121.97,3.003
5.5151,31.0,5.606365,0.9866,1566.0,2.623116,37.27,-121.96,2.868
4.7279,30.0,6.255376,1.126344,1114.0,2.994624,37.24,-121.91,2.72
5.3911,27.0,5.452586,0.931034,660.0,2.844828,37.24,-121.92,2.812
9.3834,21.0,8.7,1.060714,1811.0,3.233929,37.22,-121.93,5.00001
7.8407,36.0,7.274671,1.039474,1719.0,2.827303,37.23,-121.96,4.764
5.2321,46.0,5.664234,1.072431,3728.0,2.093206,37.22,-121.98,5.00001
10.7582,25.0,8.715,1.06,604.0,3.02,37.25,-121.99,5.00001
10.3979,25.0,8.094737,1.035789,1461.0,3.075789,37.29,-122.02,5.00001
8.248,29.0,7.072727,0.978182,826.0,3.003636,37.33,-122.06,4.988
7.0813,30.0,6.096774,1.086022,1197.0,3.217742,37.3,-122.08,4.853
4.8836,20.0,4.382958,1.026445,2271.0,2.22429,37.34,-122.04,3.962
7.4863,23.0,6.585023,1.046802,1782.0,2.780031,37.33,-122.03,4.123
7.3753,34.0,6.528796,0.981675,1399.0,3.662304,37.35,-122.05,3.881
6.7578,20.0,6.211573,1.072333,1293.0,2.338156,37.34,-122.06,4.514
7.4729,28.0,6.871036,1.02537,1328.0,2.807611,37.35,-122.04,4.316
4.9087,32.0,4.320138,0.994836,1160.0,1.996558,37.37,-122.06,3.227
5.3679,18.0,4.505535,0.940959,507.0,1.870849,37.35,-122.02,2.284
6.6329,25.0,6.56338,1.007042,1267.0,2.974178,37.36,-122.01,3.49
3.8732,21.0,3.668501,1.097662,1433.0,1.971114,37.38,-122.03,2.524
4.2782,8.0,4.278405,1.120391,3250.0,2.445448,37.37,-122.02,3.277
5.791,36.0,5.004049,0.927126,880.0,3.562753,37.39,-122.0,2.394
3.5649,23.0,3.69515,1.047344,2029.0,2.342956,37.38,-122.05,4.5
4.2719,20.0,3.547934,1.05124,2389.0,1.97438,37.38,-122.06,2.708
5.7657,26.0,5.431193,1.03211,815.0,3.738532,37.41,-122.07,3.223
4.1544,19.0,4.791667,1.153226,1639.0,2.202957,37.4,-122.08,2.77
6.2884,34.0,5.487395,0.957983,849.0,2.378151,37.38,-122.09,4.147
6.1995,36.0,6.309756,1.014634,1055.0,2.573171,37.38,-122.09,4.072
3.4042,33.0,4.769363,1.134251,1496.0,2.574871,37.38,-122.08,3.536
5.0796,36.0,6.025126,0.994975,485.0,2.437186,37.38,-122.08,3.734
9.281,31.0,7.131234,0.986877,1001.0,2.627297,37.36,-122.08,5.00001
8.5888,35.0,8.056122,1.071429,570.0,2.908163,37.35,-122.07,5.00001
10.1007,30.0,7.84322,1.008475,631.0,2.673729,37.34,-122.07,5.00001
7.0245,31.0,6.581006,1.131285,921.0,2.572626,37.4,-122.12,5.00001
10.3894,32.0,7.320833,0.985417,1583.0,3.297917,37.4,-122.12,5.00001
5.4063,36.0,5.378652,1.011236,2039.0,2.291011,37.41,-122.13,4.409
6.6756,52.0,7.4038,1.111639,1114.0,2.646081,37.44,-122.14,5.00001
8.2664,52.0,6.634812,1.051195,696.0,2.375427,37.43,-122.14,5.00001
5.0203,47.0,5.591398,1.053763,1149.0,2.470968,37.43,-122.15,4.763
13.1867,34.0,8.75,1.016667,511.0,2.838889,37.36,-122.11,5.00001
10.4277,26.0,8.508929,1.020833,951.0,2.830357,37.38,-122.14,5.00001
12.9792,23.0,8.219828,1.045259,1344.0,2.896552,37.35,-122.15,5.00001
5.8904,24.0,6.65184,1.027607,1936.0,2.969325,37.23,-121.86,2.714
6.8333,6.0,7.009488,1.089184,1554.0,2.948767,37.2,-121.83,3.48
8.3065,14.0,7.979978,1.05673,2782.0,3.094549,37.24,-121.88,3.942
5.0772,17.0,5.243968,0.987936,2693.0,3.60992,37.27,-121.8,2.215
5.6652,17.0,6.075145,0.99422,446.0,2.578035,37.26,-121.87,2.345
6.4339,16.0,6.673401,0.942761,1030.0,3.468013,37.26,-121.85,2.892
5.0509,5.0,5.333333,1.00295,825.0,2.433628,37.26,-121.84,1.848
3.7844,4.0,3.958796,1.228209,1213.0,1.922345,37.25,-121.87,1.839
6.0538,20.0,6.232598,0.962649,1944.0,3.300509,37.24,-121.82,2.41
4.175,14.0,5.604699,1.045965,2823.0,2.883555,37.14,-121.64,2.298
5.9356,14.0,6.688196,1.017817,2915.0,3.246102,37.11,-121.65,3.217
5.2327,34.0,4.731183,0.967742,217.0,2.333333,37.35,-121.74,5.00001
4.9808,28.0,5.527197,1.004184,652.0,2.728033,36.99,-122.01,2.631
5.8123,29.0,6.404517,1.041068,1476.0,3.030801,36.99,-121.99,2.815
5.3972,30.0,6.416667,1.009524,1098.0,2.614286,36.97,-122.04,3.623
3.6797,20.0,5.348018,1.04185,1145.0,2.522026,36.97,-122.05,2.638
5.1806,45.0,5.046512,0.949612,621.0,2.406977,36.97,-122.04,2.664
2.1553,37.0,4.255287,1.081571,1341.0,2.02568,36.98,-122.03,2.554
2.9444,52.0,3.484848,0.765152,525.0,1.988636,36.97,-122.01,2.328
1.1552,44.0,4.273381,1.215827,325.0,2.338129,36.97,-122.02,2.5
4.1964,32.0,4.90785,1.044369,802.0,2.737201,36.96,-122.04,2.02
3.52,32.0,5.897297,1.097297,1122.0,3.032432,36.96,-122.03,2.842
4.5,52.0,6.5,1.7,24.0,2.4,36.96,-122.06,2.583
2.9712,52.0,10.105105,1.933934,796.0,2.39039,37.0,-122.04,1.166
2.6506,14.0,4.813486,0.997131,1350.0,1.936872,36.92,-121.74,1.646
3.6,48.0,4.98892,0.977839,1071.0,2.966759,36.92,-121.75,1.945
3.2216,36.0,5.319797,1.038071,1454.0,3.690355,36.92,-121.76,2.383
1.6875,52.0,3.089286,1.140306,1102.0,2.811224,36.91,-121.75,1.614
3.2813,33.0,4.671096,1.053156,1075.0,3.571429,36.93,-121.77,1.9
4.7188,27.0,6.393548,1.251613,543.0,3.503226,36.97,-122.13,3.5
5.0165,35.0,6.035714,1.296992,2755.0,2.589286,37.17,-122.16,2.023
5.5785,17.0,6.2,1.229787,591.0,2.514894,37.15,-122.18,2.841
5.1664,32.0,5.825455,1.152727,752.0,2.734545,37.16,-122.12,1.851
7.1366,23.0,5.685393,1.078652,264.0,2.966292,37.15,-122.08,2.739
5.2417,36.0,6.005814,1.165698,942.0,2.738372,37.11,-122.02,1.964
4.1679,41.0,6.617486,1.371585,915.0,2.5,37.05,-122.05,2.013
3.8625,31.0,4.921687,1.114458,939.0,2.828313,37.06,-122.07,2.323
7.5755,20.0,6.350993,1.006623,798.0,2.642384,37.1,-121.87,4.023
2.5172,31.0,4.895775,1.188732,746.0,2.101408,36.97,-121.94,3.308
4.7325,19.0,5.940187,1.028037,2954.0,2.760748,36.99,-121.93,2.835
2.7375,23.0,4.818318,1.123123,1423.0,2.136637,36.99,-121.96,2.38
4.8021,28.0,7.033679,1.168394,1154.0,2.989637,37.0,-121.79,2.904
4.3321,19.0,6.525773,1.038292,1764.0,2.597938,36.98,-121.83,2.986
4.7071,27.0,5.163399,0.990196,1066.0,3.48366,36.95,-121.75,2.027
1.4091,38.0,5.7,1.146667,468.0,3.12,40.57,-122.39,0.844
3.9375,17.0,5.203647,0.933131,963.0,2.927052,40.56,-122.45,1.487
4.1099,10.0,6.83491,1.125537,3176.0,2.730868,40.57,-122.42,1.201
2.4079,7.0,4.035853,1.041309,2557.0,1.992985,40.6,-122.37,1.114
2.6705,26.0,6.185345,1.008621,544.0,2.344828,40.55,-122.37,1.367
3.35,18.0,5.710638,1.01844,1731.0,2.455319,40.49,-122.31,1.184
2.0391,28.0,4.716216,1.024324,1011.0,2.732432,40.68,-122.36,0.598
4.559,23.0,6.556213,1.118343,1006.0,2.976331,40.51,-122.24,1.168
1.9657,20.0,4.852292,1.039049,1422.0,2.414261,40.47,-122.29,0.63
2.8611,17.0,5.832653,1.081633,692.0,2.82449,40.42,-122.25,0.987
1.3571,26.0,4.492647,1.034314,939.0,2.301471,40.39,-122.27,0.59
2.125,30.0,5.201663,1.087318,1296.0,2.694387,40.47,-122.33,0.661
3.3005,12.0,5.920188,1.098592,1970.0,3.082942,40.39,-122.37,0.985
2.225,26.0,5.742718,1.339806,513.0,2.490291,40.97,-121.89,0.52
2.67,33.0,5.915452,1.102041,936.0,2.728863,41.04,-121.45,0.775
2.46,14.0,6.205575,1.205575,734.0,2.557491,39.56,-120.23,0.93
1.7639,21.0,5.417607,1.094808,1109.0,2.503386,41.81,-122.53,0.554
2.7222,25.0,5.528302,1.254717,1117.0,2.634434,41.86,-123.26,0.646
2.2976,25.0,4.976923,1.223077,1000.0,2.564103,41.8,-123.38,0.544
1.6757,34.0,6.540094,1.601415,1066.0,2.514151,41.26,-123.08,0.633
2.8036,15.0,5.950282,1.164972,2147.0,2.425989,41.38,-122.28,1.101
3.1768,31.0,5.01087,1.094203,1441.0,2.610507,38.11,-122.21,1.31
2.9469,40.0,5.159919,0.967611,1275.0,2.580972,38.1,-122.22,1.116
4.0114,42.0,6.687243,1.049383,578.0,2.378601,38.12,-122.24,1.669
2.1976,52.0,4.590323,1.137097,1519.0,2.45,38.11,-122.25,0.979
1.9667,52.0,4.087629,1.113402,505.0,2.603093,38.11,-122.26,0.938
2.6937,45.0,5.060641,1.145309,2109.0,2.413043,38.12,-122.27,1.118
4.0156,34.0,5.471591,0.903409,392.0,2.227273,38.14,-122.26,1.347
2.3056,36.0,5.268657,0.970149,792.0,2.955224,38.14,-122.23,0.904
4.5321,14.0,5.643301,1.096717,2876.0,2.551908,38.07,-122.16,1.903
3.2891,27.0,5.240331,1.066298,1756.0,2.425414,38.05,-122.14,1.506
5.0672,14.0,7.075665,1.018405,3196.0,3.267894,38.27,-122.06,1.713
6.8872,2.0,10.272171,1.311927,2012.0,3.076453,38.3,-122.08,3.052
5.2527,25.0,6.770492,1.010246,1464.0,3.0,38.28,-122.04,1.306
2.9576,25.0,4.566766,1.034619,2685.0,2.655786,38.26,-122.03,1.085
3.1389,35.0,4.813896,0.952854,1177.0,2.920596,38.25,-122.03,1.011
4.9222,7.0,6.279616,1.010139,6657.0,3.552295,38.25,-122.0,1.429
4.9103,4.0,5.502212,0.973451,1545.0,3.418142,38.25,-121.98,1.404
3.1979,16.0,5.723375,1.048409,1762.0,2.437068,38.27,-121.99,1.375
6.0842,18.0,7.675,1.05,368.0,3.066667,38.26,-121.99,2.611
4.945,11.0,6.661972,1.007042,1331.0,3.124413,38.41,-122.0,2.984
6.0252,15.0,7.958217,1.038997,1325.0,3.690808,38.34,-121.96,1.517
10.2264,45.0,3.166667,0.833333,7460.0,1243.333333,38.32,-121.98,1.375
2.5707,38.0,5.511494,1.045977,745.0,2.140805,38.35,-122.0,1.26
4.0938,20.0,5.66,1.064,667.0,2.668,38.35,-121.96,1.173
5.778,16.0,7.413729,1.020408,1673.0,3.103896,38.37,-122.01,1.757
4.9583,28.0,6.75945,1.082474,734.0,2.522337,38.36,-122.01,1.462
4.8611,15.0,6.442065,0.97733,2540.0,3.198992,38.45,-121.83,1.464
5.2155,18.0,6.553134,1.06267,872.0,2.376022,38.27,-122.52,2.483
3.3571,14.0,5.227941,1.106618,1613.0,2.965074,38.3,-122.49,1.936
2.7727,19.0,5.091295,1.106157,1266.0,2.687898,38.31,-122.48,1.868
4.2891,24.0,6.082192,1.126027,894.0,2.449315,38.42,-122.55,2.117
5.3707,7.0,6.443564,1.017822,2902.0,2.873267,38.27,-122.57,2.505
3.1711,52.0,5.058309,1.011662,712.0,2.075802,38.23,-122.65,2.008
3.2442,32.0,6.16763,1.044316,1869.0,3.601156,38.29,-122.77,2.68
3.375,26.0,5.369492,1.0,846.0,2.867797,38.33,-122.7,1.563
2.8261,19.0,4.34157,0.982558,1782.0,2.590116,38.34,-122.7,1.545
3.1781,23.0,4.926391,1.055655,1493.0,2.680431,38.34,-122.71,1.62
2.4827,6.0,4.622372,1.155593,2502.0,2.104289,38.36,-122.69,1.775
5.0366,16.0,6.741117,0.949239,607.0,3.081218,38.35,-122.7,2.578
2.0915,16.0,4.523897,1.113051,2557.0,2.350184,38.39,-122.7,1.681
6.8586,21.0,6.876623,0.974026,400.0,2.597403,38.4,-122.65,3.431
6.0774,29.0,7.870968,1.016129,161.0,2.596774,38.43,-122.68,3.344
4.6957,13.0,6.189752,1.088871,2543.0,2.036029,38.42,-122.61,2.598
3.183,14.0,4.784483,1.12069,505.0,1.451149,38.44,-122.59,2.012
2.7222,40.0,4.911864,0.952542,636.0,2.155932,38.44,-122.69,1.612
3.9191,36.0,6.110063,1.059748,711.0,2.235849,38.45,-122.69,1.83
3.455,48.0,5.883019,1.058491,1275.0,2.40566,38.45,-122.71,2.221
5.3409,15.0,6.081081,1.011583,716.0,2.764479,38.48,-122.68,2.446
5.0415,29.0,6.555556,1.040816,1012.0,2.294785,38.46,-122.7,2.402
7.3003,19.0,7.9616,1.1376,1926.0,3.0816,38.46,-122.68,3.813
3.7266,16.0,4.702564,1.002564,994.0,2.548718,38.47,-122.73,1.565
3.0714,16.0,5.484615,1.103846,525.0,2.019231,38.47,-122.74,1.617
4.0798,25.0,5.245136,0.964981,1296.0,2.521401,38.45,-122.74,1.792
2.6576,23.0,5.163004,1.120879,1644.0,3.010989,38.44,-122.74,1.479
3.6292,8.0,5.59366,1.060519,2864.0,2.751201,38.45,-122.76,1.836
2.1864,29.0,4.031627,1.040663,1880.0,2.831325,38.43,-122.73,1.432
3.7991,21.0,4.907407,1.006173,414.0,2.555556,38.37,-122.78,1.75
4.6705,19.0,6.38961,1.136364,852.0,2.766234,38.43,-122.91,2.698
2.1165,48.0,6.898424,1.50613,1257.0,2.201401,38.53,-122.97,0.987
3.1875,18.0,5.048237,1.033395,1667.0,3.092764,38.62,-122.87,1.761
4.0781,26.0,6.367925,1.119497,2072.0,3.257862,38.64,-122.94,2.878
2.8344,20.0,4.873041,1.115987,1643.0,2.575235,38.79,-123.1,1.644
3.9167,28.0,8.839142,1.812332,923.0,2.474531,38.38,-123.08,2.326
3.825,38.0,5.808271,1.048872,662.0,2.488722,37.77,-120.86,0.964
2.4717,37.0,4.748634,1.101093,936.0,2.557377,37.77,-120.85,0.771
3.6875,16.0,5.76129,1.058065,548.0,3.535484,37.79,-120.83,1.219
2.3023,37.0,4.926952,1.012594,1265.0,3.186398,37.74,-120.93,0.919
4.3864,18.0,5.507042,1.0,247.0,3.478873,37.72,-120.93,1.795
2.5486,23.0,5.604082,1.077551,677.0,2.763265,37.72,-121.01,1.611
2.875,43.0,6.314721,1.060914,611.0,3.101523,37.64,-121.18,1.875
3.4632,6.0,5.488421,1.172632,1266.0,2.665263,37.69,-121.03,1.377
4.6053,6.0,6.13255,1.003356,1993.0,3.34396,37.66,-121.06,1.501
3.996,25.0,5.643599,1.017301,1834.0,3.17301,37.68,-121.02,1.145
2.6932,30.0,6.058282,1.150307,732.0,2.245399,37.68,-120.99,0.949
4.3851,16.0,5.531365,0.922509,1292.0,4.767528,37.67,-120.97,1.173
3.1286,19.0,5.236074,1.04244,799.0,2.119363,37.66,-120.97,1.375
2.9137,46.0,4.91573,0.974719,754.0,2.117978,37.66,-120.99,1.06
2.1487,44.0,4.944444,1.081597,1408.0,2.444444,37.65,-120.99,0.866
2.5089,52.0,4.98973,1.030809,1768.0,2.269576,37.65,-121.0,1.19
4.5,36.0,6.332186,1.055077,1366.0,2.351119,37.66,-121.01,1.514
3.0645,20.0,5.215789,1.087719,1996.0,3.501754,37.65,-121.02,1.06
1.564,35.0,4.519886,1.034091,1290.0,3.664773,37.63,-121.02,0.818
2.1458,40.0,5.562112,1.114907,679.0,2.108696,37.64,-120.98,1.303
3.625,36.0,4.285714,0.857143,51.0,3.642857,37.64,-120.96,0.675
1.2857,39.0,4.031496,1.03937,443.0,3.488189,37.61,-120.99,0.6
2.3849,11.0,4.983529,1.034118,2410.0,2.835294,37.59,-120.96,1.22
1.8929,29.0,4.474093,1.137306,1063.0,2.753886,37.59,-120.95,0.636
4.6833,17.0,6.077961,0.98051,2034.0,3.049475,37.61,-120.95,1.422
2.9821,35.0,5.570896,1.037313,729.0,2.720149,37.6,-120.95,0.974
3.7041,11.0,7.260933,1.186589,1934.0,2.819242,37.62,-120.95,1.748
2.3906,27.0,5.27027,1.022523,660.0,2.972973,37.59,-120.69,0.818
3.7611,12.0,5.390625,0.967548,2445.0,2.938702,37.6,-120.92,1.231
2.0521,26.0,4.893372,1.01585,2446.0,3.524496,37.57,-120.91,0.654
2.6406,27.0,5.505952,1.047619,449.0,2.672619,37.57,-120.98,1.297
1.7169,36.0,4.70696,0.989011,706.0,2.586081,37.58,-121.02,1.214
3.06,27.0,5.820961,1.004367,730.0,3.187773,37.33,-121.03,1.06
2.2566,42.0,5.272232,1.018149,1457.0,2.644283,37.32,-121.03,0.821
2.9844,32.0,5.322034,0.898305,682.0,2.889831,37.48,-120.96,1.359
1.875,15.0,5.327103,1.149533,189.0,1.766355,37.53,-120.81,1.813
4.2188,17.0,6.024793,1.107438,431.0,3.561983,37.54,-120.72,1.313
2.7857,11.0,4.85138,1.059448,1468.0,3.116773,37.47,-120.84,1.103
2.6103,2.0,7.308594,1.597656,707.0,2.761719,37.52,-120.88,1.336
3.375,30.0,5.800866,1.056277,631.0,2.731602,37.5,-120.83,1.185
1.3348,21.0,4.176849,1.086817,1494.0,4.803859,39.12,-121.6,2.25
4.45,27.0,6.3003,1.117117,1090.0,3.273273,39.09,-121.66,0.962
3.6111,22.0,5.617866,0.967742,1056.0,2.620347,39.14,-121.67,1.123
4.0,37.0,6.363946,1.091837,806.0,2.741497,39.25,-121.71,1.014
2.7039,34.0,6.780255,1.11465,969.0,3.085987,38.95,-121.47,1.063
2.9324,29.0,6.085106,1.14539,850.0,3.014184,38.79,-121.51,1.375
2.6352,12.0,5.633968,1.008785,2008.0,2.939971,40.32,-122.34,0.922
2.8447,16.0,5.49899,1.032323,1366.0,2.759596,40.2,-122.38,0.877
3.5305,30.0,5.926724,1.025862,1296.0,2.793103,40.2,-122.19,0.736
2.125,21.0,5.146067,1.089888,451.0,2.533708,40.01,-122.13,0.633
1.023,20.0,4.194763,1.076923,1363.0,2.230769,39.92,-122.19,0.542
2.125,17.0,6.876786,1.460714,1352.0,2.414286,40.75,-122.79,0.717
1.125,23.0,6.130435,2.565217,47.0,2.043478,40.99,-123.35,0.66
0.4999,15.0,11.596491,2.561404,131.0,2.298246,40.43,-123.32,0.567
4.0703,10.0,6.343575,1.111732,986.0,2.75419,36.32,-118.94,1.471
2.0729,25.0,5.566038,1.04717,611.0,2.882075,36.56,-119.38,0.847
1.625,33.0,4.491071,1.047619,1734.0,5.160714,36.53,-119.29,0.503
2.5719,35.0,5.133739,1.12766,1475.0,4.483283,36.5,-119.26,0.743
4.3281,17.0,6.105882,1.029412,998.0,2.935294,36.39,-119.27,1.457
2.0216,18.0,5.463291,1.04557,1461.0,3.698734,36.38,-119.21,0.58
2.2222,20.0,5.1875,1.011905,1390.0,4.136905,36.35,-119.41,0.529
2.9844,11.0,5.700885,1.092035,1351.0,2.39115,36.33,-119.36,1.32
1.4729,32.0,4.454118,1.065882,1744.0,4.103529,36.34,-119.31,0.541
0.7445,19.0,3.567568,1.045045,641.0,2.887387,36.33,-119.29,1.125
5.8673,16.0,7.211111,1.042222,1471.0,3.268889,36.36,-119.25,1.548
3.5296,7.0,5.484026,1.0,1793.0,2.864217,36.34,-119.27,0.837
1.3444,32.0,3.528646,0.945312,1427.0,3.716146,36.3,-119.2,0.456
2.8795,44.0,5.802817,1.166197,819.0,2.307042,36.33,-119.3,0.77
3.0972,34.0,6.452915,1.134529,607.0,2.721973,36.31,-119.29,0.828
4.3816,35.0,6.126984,1.02381,849.0,2.246032,36.32,-119.32,0.886
3.6875,14.0,6.639175,1.134021,997.0,3.426117,36.3,-119.38,0.932
2.706,19.0,4.877551,0.927114,1298.0,3.784257,36.22,-119.37,0.648
1.4455,35.0,4.962138,1.060134,1567.0,3.489978,36.21,-119.37,0.541
2.6083,38.0,5.140264,1.026403,1238.0,2.042904,36.21,-119.33,0.67
3.0324,28.0,5.066246,1.009464,1158.0,3.652997,36.22,-119.08,0.556
1.8828,38.0,4.7525,1.1325,1613.0,4.0325,36.21,-119.09,0.446
3.125,10.0,21.095238,5.285714,48.0,2.285714,36.19,-118.37,0.713
2.8152,27.0,6.142029,1.081159,1268.0,3.675362,36.16,-119.45,1.069
2.0313,18.0,5.44,1.093333,253.0,3.373333,36.09,-119.45,1.125
1.7432,30.0,4.120448,1.044818,1418.0,3.971989,36.1,-119.21,0.425
2.375,17.0,5.690407,1.078488,1768.0,2.569767,36.02,-119.01,0.798
1.5893,17.0,4.244337,1.066343,1912.0,3.093851,36.07,-119.04,0.52
3.25,19.0,5.800469,1.011737,1040.0,2.441315,36.08,-119.03,0.806
2.3792,19.0,5.1875,1.182292,1654.0,2.871528,36.1,-118.93,0.9
2.343,33.0,4.899281,1.06235,1497.0,3.589928,36.06,-118.98,0.474
2.3516,21.0,4.540984,0.991803,426.0,3.491803,35.97,-119.42,0.475
1.875,18.0,4.285199,1.111913,1343.0,4.848375,35.96,-119.04,0.517
1.8462,25.0,4.545045,1.108108,994.0,4.477477,35.95,-119.04,0.558
2.1513,52.0,4.141176,1.07451,584.0,2.290196,37.98,-120.39,0.867
3.6875,15.0,6.426295,1.191235,655.0,2.609562,38.02,-120.43,1.86
3.8203,11.0,6.113695,1.028424,1046.0,2.702842,38.02,-120.31,1.397
3.1523,14.0,6.183544,1.164557,917.0,2.901899,37.98,-120.23,0.933
1.675,5.0,4.44,1.04,58.0,2.32,37.93,-120.13,1.125
3.05,17.0,5.383764,1.095941,753.0,2.778598,37.94,-120.29,1.448
3.2589,9.0,11.458508,2.056161,2811.0,2.356245,37.84,-120.2,1.379
4.0833,18.0,11.536585,2.804878,88.0,2.146341,37.85,-119.93,1.375
3.7092,17.0,5.141287,0.940345,2422.0,3.802198,34.4,-118.93,1.905
3.3152,23.0,4.623656,1.014337,1060.0,3.799283,34.4,-118.92,1.98
1.5781,16.0,4.98855,1.097328,1163.0,2.219466,34.4,-118.9,1.344
3.9464,33.0,5.507519,0.984962,731.0,2.74812,34.38,-119.06,2.303
2.6786,21.0,5.008264,1.088843,1379.0,2.849174,34.31,-119.1,1.84
3.5541,14.0,6.0,1.146051,1825.0,2.719821,34.33,-119.11,1.918
2.4185,48.0,4.168571,0.925714,902.0,2.577143,34.36,-119.06,1.899
5.75,16.0,6.3,1.17,343.0,3.43,34.42,-119.23,3.25
2.6893,26.0,5.355263,1.005639,1383.0,2.599624,34.45,-119.29,2.308
4.8583,28.0,5.983333,0.97037,1665.0,3.083333,34.28,-119.19,2.242
5.6885,17.0,6.909924,1.094656,2088.0,3.187786,34.28,-119.18,2.682
3.3452,23.0,5.573359,1.042471,1508.0,2.911197,34.26,-119.21,2.176
4.9079,26.0,6.153453,1.051151,1313.0,3.358056,34.26,-119.21,2.341
4.8977,41.0,5.957792,1.00974,683.0,2.217532,34.28,-119.26,3.582
3.5294,33.0,4.310962,1.098434,1835.0,2.052573,34.29,-119.29,3.239
3.5385,24.0,4.705484,1.050524,4647.0,2.863216,34.3,-119.29,1.868
2.9018,22.0,4.753346,1.162524,709.0,1.355641,34.23,-119.29,2.75
2.67,30.0,3.930667,1.102667,1635.0,2.18,34.26,-119.25,2.149
4.3897,29.0,6.271739,1.055901,1677.0,2.604037,34.21,-119.18,2.576
2.6964,21.0,4.660377,1.198113,489.0,4.613208,34.2,-119.18,1.708
6.4522,16.0,7.941529,1.214393,1489.0,2.232384,34.19,-119.23,5.00001
4.6186,32.0,5.03139,1.011958,2857.0,4.270553,34.18,-119.19,1.811
3.5867,32.0,5.087662,0.987013,1482.0,4.811688,34.17,-119.17,1.821
3.9722,34.0,6.027714,1.076212,1543.0,3.56351,34.16,-119.19,1.89
1.4773,27.0,3.208655,1.05255,1904.0,2.942813,34.15,-119.2,1.608
3.9485,23.0,5.218241,1.04886,2295.0,3.737785,34.15,-119.16,1.966
3.6167,17.0,3.15493,0.985915,147.0,2.070423,34.12,-119.16,2.8
1.6038,23.0,4.50503,1.080483,784.0,1.577465,34.17,-119.15,1.943
2.5714,8.0,3.0375,0.9375,102.0,1.275,34.23,-119.14,5.00001
7.6775,21.0,7.526316,0.995951,2982.0,3.018219,34.24,-119.06,3.912
5.2773,21.0,6.303263,0.934741,1832.0,3.516315,34.23,-119.03,2.508
4.7831,24.0,5.303876,1.017054,2220.0,3.44186,34.22,-119.03,2.142
4.0208,8.0,2.5,0.625,309.0,19.3125,34.22,-119.09,0.525
4.5625,42.0,6.962963,1.185185,220.0,2.716049,34.17,-118.85,3.188
8.7657,24.0,8.093117,0.987854,759.0,3.072874,34.14,-118.85,3.663
7.2965,17.0,8.474242,1.109091,1992.0,3.018182,34.25,-118.85,3.429
5.5845,26.0,5.495356,0.913313,1004.0,3.108359,34.22,-118.86,2.517
4.9234,25.0,5.824561,0.916667,691.0,3.030702,34.21,-118.85,2.414
4.1576,26.0,5.175926,1.016975,2020.0,3.117284,34.21,-118.86,2.118
5.4346,17.0,6.261168,1.505155,578.0,1.986254,34.08,-119.0,4.286
8.7288,6.0,8.715842,1.10297,3385.0,3.351485,34.23,-118.83,4.258
5.4024,47.0,4.906716,1.08209,581.0,2.16791,34.25,-118.64,2.53
6.0487,24.0,7.20708,1.030088,1834.0,3.246018,34.26,-118.78,2.545
3.3438,50.0,5.342857,0.942857,130.0,3.714286,34.27,-118.85,5.00001
5.8133,30.0,5.362573,0.918129,678.0,3.964912,34.28,-118.89,1.957
4.0474,22.0,4.74507,1.085915,2751.0,3.874648,34.28,-118.88,1.821
4.5458,6.0,5.154015,1.061606,2180.0,2.39824,34.28,-118.77,2.082
5.3681,26.0,6.048421,1.010526,1915.0,4.031579,34.28,-118.77,1.877
5.4787,26.0,7.068,1.06,1040.0,4.16,34.26,-118.75,1.981
5.4604,24.0,5.832898,0.97389,1325.0,3.45953,34.26,-118.75,1.934
4.6528,27.0,5.018966,0.968966,1773.0,3.056897,34.28,-118.71,1.866
5.6949,21.0,6.402208,0.943218,2133.0,3.364353,34.28,-118.67,2.353
5.477,26.0,6.450413,0.876033,817.0,3.376033,34.27,-118.68,2.091
6.3199,23.0,6.909408,0.97561,978.0,3.407666,34.3,-118.71,2.367
8.2787,27.0,6.935065,1.103896,243.0,3.155844,34.33,-118.75,3.3
1.6647,35.0,4.290107,1.032754,3814.0,2.549465,38.59,-121.52,0.691
4.0833,34.0,5.414673,0.944179,1518.0,2.421053,38.57,-121.53,1.185
3.9,22.0,5.707838,1.023753,1088.0,2.584323,38.51,-121.55,1.469
1.0633,18.0,3.072555,1.0,521.0,1.643533,38.54,-121.73,1.375
1.7311,33.0,3.882852,1.029994,3717.0,2.103565,38.55,-121.74,1.826
2.065,23.0,4.803493,1.013646,6330.0,3.45524,38.55,-121.76,2.194
4.0556,38.0,6.408696,1.03913,1123.0,2.441304,38.67,-121.78,1.469
2.2794,42.0,5.0,0.970037,1548.0,2.898876,38.67,-121.77,1.089
2.7989,27.0,5.922179,1.099222,1583.0,3.079767,38.52,-121.98,1.267
5.679,20.0,6.401274,1.070064,457.0,2.910828,38.56,-122.05,2.25
1.9559,36.0,5.626316,1.2,567.0,2.984211,38.8,-121.72,0.784
3.3472,19.0,5.802752,1.045872,755.0,3.463303,38.65,-121.95,0.698
3.725,21.0,6.219269,1.003322,870.0,2.890365,39.16,-121.57,0.847
1.5827,35.0,5.273839,1.07824,1009.0,2.466993,39.16,-121.56,0.63
1.5694,30.0,5.022727,1.170455,413.0,4.693182,39.13,-121.57,0.579
2.08,30.0,5.140316,1.055336,1702.0,3.363636,39.12,-121.57,0.566
2.3598,23.0,5.461929,1.096447,724.0,3.675127,39.08,-121.54,0.575
2.0469,15.0,4.826667,1.176,1157.0,3.085333,39.08,-121.53,0.551
2.1667,36.0,6.573099,1.076023,504.0,2.947368,39.18,-121.43,0.938
